-- MySQL dump 10.13  Distrib 5.7.9, for Win64 (x86_64)
--
-- Host: localhost    Database: opentrip
-- ------------------------------------------------------
-- Server version	5.7.9

/*!40101 SET @OLD_CHARACTER_SET_CLIENT=@@CHARACTER_SET_CLIENT */;
/*!40101 SET @OLD_CHARACTER_SET_RESULTS=@@CHARACTER_SET_RESULTS */;
/*!40101 SET @OLD_COLLATION_CONNECTION=@@COLLATION_CONNECTION */;
/*!40101 SET NAMES utf8 */;
/*!40103 SET @OLD_TIME_ZONE=@@TIME_ZONE */;
/*!40103 SET TIME_ZONE='+00:00' */;
/*!40014 SET @OLD_UNIQUE_CHECKS=@@UNIQUE_CHECKS, UNIQUE_CHECKS=0 */;
/*!40014 SET @OLD_FOREIGN_KEY_CHECKS=@@FOREIGN_KEY_CHECKS, FOREIGN_KEY_CHECKS=0 */;
/*!40101 SET @OLD_SQL_MODE=@@SQL_MODE, SQL_MODE='NO_AUTO_VALUE_ON_ZERO' */;
/*!40111 SET @OLD_SQL_NOTES=@@SQL_NOTES, SQL_NOTES=0 */;

--
-- Table structure for table `travel_admin`
--

DROP TABLE IF EXISTS `travel_admin`;
/*!40101 SET @saved_cs_client     = @@character_set_client */;
/*!40101 SET character_set_client = utf8 */;
CREATE TABLE `travel_admin` (
  `id` tinyint(3) unsigned NOT NULL AUTO_INCREMENT,
  `username` varchar(10) NOT NULL COMMENT '用户名',
  `password` char(32) NOT NULL COMMENT '密码',
  `salt` char(6) NOT NULL COMMENT '密钥',
  `priv` int(1) NOT NULL DEFAULT '1' COMMENT '管理员权限，0为最高级权限，1为普通权限',
  PRIMARY KEY (`id`),
  UNIQUE KEY `username` (`username`)
) ENGINE=InnoDB AUTO_INCREMENT=3 DEFAULT CHARSET=utf8;
/*!40101 SET character_set_client = @saved_cs_client */;

--
-- Dumping data for table `travel_admin`
--

LOCK TABLES `travel_admin` WRITE;
/*!40000 ALTER TABLE `travel_admin` DISABLE KEYS */;
INSERT INTO `travel_admin` VALUES (1,'admin','56802b0058be8a26bd633d5f46760dfb','ItcAst',0),(2,'admin2','7c0b0e32b0c43f3fa73450a6050a9ef4','9251c2',1);
/*!40000 ALTER TABLE `travel_admin` ENABLE KEYS */;
UNLOCK TABLES;

--
-- Table structure for table `travel_category`
--

DROP TABLE IF EXISTS `travel_category`;
/*!40101 SET @saved_cs_client     = @@character_set_client */;
/*!40101 SET character_set_client = utf8 */;
CREATE TABLE `travel_category` (
  `id` int(10) unsigned NOT NULL AUTO_INCREMENT,
  `name` varchar(20) NOT NULL COMMENT '分类名',
  `pid` int(10) unsigned NOT NULL COMMENT '父分类ID',
  PRIMARY KEY (`id`)
) ENGINE=InnoDB AUTO_INCREMENT=19 DEFAULT CHARSET=utf8;
/*!40101 SET character_set_client = @saved_cs_client */;

--
-- Dumping data for table `travel_category`
--

LOCK TABLES `travel_category` WRITE;
/*!40000 ALTER TABLE `travel_category` DISABLE KEYS */;
INSERT INTO `travel_category` VALUES (1,'签证',0),(2,'线路',0),(3,'邮轮',0),(4,'门票',0),(5,'玩乐',0),(6,'民宿',0),(7,'翻译服务',0),(8,'欧洲',1),(9,'旅游签证',8),(10,'上海',9),(11,'欧洲',2),(12,'当地参团',11),(13,'亚洲',2),(14,'南美洲',2),(15,'中东非洲',2),(16,'北美及加勒比海',2),(17,'海岛',2),(18,'南极/北极',2);
/*!40000 ALTER TABLE `travel_category` ENABLE KEYS */;
UNLOCK TABLES;

--
-- Table structure for table `travel_order`
--

DROP TABLE IF EXISTS `travel_order`;
/*!40101 SET @saved_cs_client     = @@character_set_client */;
/*!40101 SET character_set_client = utf8 */;
CREATE TABLE `travel_order` (
  `id` int(10) unsigned NOT NULL AUTO_INCREMENT,
  `user_id` int(10) unsigned NOT NULL COMMENT '购买者用户ID',
  `product` text NOT NULL COMMENT '商品信息',
  `address` text NOT NULL COMMENT '收件人信息',
  `price` decimal(10,2) NOT NULL COMMENT '订单价格',
  `add_time` timestamp NOT NULL DEFAULT CURRENT_TIMESTAMP COMMENT '下单时间',
  `cancel` enum('yes','no') NOT NULL COMMENT '是否取消',
  `payment` enum('yes','no') NOT NULL COMMENT '是否支付',
  PRIMARY KEY (`id`)
) ENGINE=InnoDB AUTO_INCREMENT=5 DEFAULT CHARSET=utf8;
/*!40101 SET character_set_client = @saved_cs_client */;

--
-- Dumping data for table `travel_order`
--

LOCK TABLES `travel_order` WRITE;
/*!40000 ALTER TABLE `travel_order` DISABLE KEYS */;
INSERT INTO `travel_order` VALUES (3,1,'a:1:{i:0;a:4:{s:2:\"id\";i:5;s:3:\"num\";i:1;s:4:\"name\";s:39:\"西藏羌塘本色之旅（10天9晚）\";s:5:\"price\";s:8:\"78200.00\";}}','a:4:{s:9:\"consignee\";s:12:\"gaoxufeng233\";s:7:\"address\";s:21:\"北京,东城区,,123\";s:5:\"phone\";s:11:\"13122229992\";s:5:\"email\";s:12:\"123@bing.com\";}',78200.00,'2016-06-22 05:16:39','no','no'),(4,3,'a:1:{i:0;a:4:{s:2:\"id\";i:4;s:3:\"num\";i:1;s:4:\"name\";s:61:\"巴西阿根廷智利秘鲁16天深度品质团--美国航空\";s:5:\"price\";s:8:\"43600.00\";}}','a:4:{s:9:\"consignee\";s:0:\"\";s:7:\"address\";s:0:\"\";s:5:\"phone\";s:0:\"\";s:5:\"email\";s:0:\"\";}',43600.00,'2016-06-22 05:58:13','no','no');
/*!40000 ALTER TABLE `travel_order` ENABLE KEYS */;
UNLOCK TABLES;

--
-- Table structure for table `travel_product`
--

DROP TABLE IF EXISTS `travel_product`;
/*!40101 SET @saved_cs_client     = @@character_set_client */;
/*!40101 SET character_set_client = utf8 */;
CREATE TABLE `travel_product` (
  `id` int(10) unsigned NOT NULL AUTO_INCREMENT,
  `category_id` int(10) unsigned NOT NULL COMMENT '所属分类ID',
  `admin_id` int(10) DEFAULT '1' COMMENT '管理员id',
  `sn` varchar(25) NOT NULL COMMENT '商品编号',
  `name` varchar(40) NOT NULL COMMENT '商品名',
  `price` int(11) NOT NULL COMMENT '价格',
  `stock` int(10) unsigned NOT NULL COMMENT '库存量',
  `thumb` varchar(150) DEFAULT NULL COMMENT '预览图',
  `pic1` varchar(150) DEFAULT NULL,
  `pic2` varchar(150) DEFAULT NULL,
  `pic3` varchar(150) DEFAULT NULL,
  `pic4` varchar(150) DEFAULT NULL,
  `pic5` varchar(150) DEFAULT NULL,
  `on_sale` enum('yes','no') NOT NULL DEFAULT 'no' COMMENT '是否上架',
  `recommend` enum('yes','no') NOT NULL DEFAULT 'no' COMMENT '是否推荐',
  `add_time` timestamp NOT NULL DEFAULT CURRENT_TIMESTAMP COMMENT '添加时间',
  `desc` text COMMENT '产品详情',
  `travel_ref` text COMMENT '行程参考',
  `cost_desc` text COMMENT '费用说明',
  `reserve_notice` text COMMENT '预定须知',
  `restrict` text COMMENT '改退规定',
  `info` text COMMENT '问题咨询',
  `recycle` enum('yes','no') NOT NULL DEFAULT 'no' COMMENT '是否删除',
  `highlight1` varchar(45) DEFAULT NULL COMMENT '亮点',
  `highlight2` varchar(45) DEFAULT NULL,
  `highlight3` varchar(45) DEFAULT NULL,
  `confirm` enum('yes','no') NOT NULL DEFAULT 'yes' COMMENT '二次确认',
  `language` varchar(45) DEFAULT NULL COMMENT '服务语言',
  `continent` varchar(45) DEFAULT NULL COMMENT '洲',
  `country` varchar(45) DEFAULT NULL,
  `city` varchar(45) DEFAULT NULL,
  `start` varchar(45) DEFAULT NULL COMMENT '出发地',
  `path` varchar(45) DEFAULT NULL COMMENT '途径',
  `end` varchar(45) DEFAULT NULL COMMENT '目的地',
  `detail_property` varchar(45) DEFAULT NULL COMMENT '细分属性',
  `market_price` varchar(45) DEFAULT NULL COMMENT '市场价，门市价',
  `child_price` varchar(45) DEFAULT NULL,
  `deposit` varchar(45) DEFAULT NULL COMMENT '定金',
  `promotion` varchar(45) DEFAULT NULL COMMENT '促销活动',
  `start_time` varchar(45) DEFAULT NULL COMMENT '出游日期',
  `people` varchar(45) DEFAULT NULL COMMENT '出游人群',
  `days` varchar(45) DEFAULT NULL COMMENT '行程天数',
  `place_of_issue` varchar(45) DEFAULT NULL COMMENT '签发地（签证专用）',
  `visa_type` varchar(45) DEFAULT NULL COMMENT '签证类型',
  `sent_visa_place` varchar(45) DEFAULT NULL COMMENT '送签地',
  `ship_depart_city` varchar(45) DEFAULT NULL COMMENT '邮轮出发城市',
  `ship_route` varchar(45) DEFAULT NULL COMMENT '邮轮航线',
  `ship_company` varchar(45) DEFAULT NULL COMMENT '邮轮公司',
  `ship_name` varchar(45) DEFAULT NULL COMMENT '船名',
  `ship_depart_time` varchar(45) DEFAULT NULL COMMENT '邮轮出发日期',
  `plan1_name` varchar(45) DEFAULT NULL,
  `plan1_price` int(11) DEFAULT NULL,
  `plan2_name` varchar(45) DEFAULT NULL,
  `plan2_price` int(11) DEFAULT NULL,
  `plan3_name` varchar(45) DEFAULT NULL,
  `plan3_price` int(11) DEFAULT NULL,
  `plan4_name` varchar(45) DEFAULT NULL,
  `plan4_price` int(11) DEFAULT NULL,
  `plan5_name` varchar(45) DEFAULT NULL,
  `plan5_price` int(11) DEFAULT NULL,
  `plan6_name` varchar(45) DEFAULT NULL,
  `plan6_price` int(11) DEFAULT NULL,
  `info_fee` int(11) DEFAULT '0' COMMENT '信息费%',
  `discount` int(11) DEFAULT '0' COMMENT '优惠额%',
  PRIMARY KEY (`id`)
) ENGINE=InnoDB AUTO_INCREMENT=19 DEFAULT CHARSET=utf8;
/*!40101 SET character_set_client = @saved_cs_client */;

--
-- Dumping data for table `travel_product`
--

LOCK TABLES `travel_product` WRITE;
/*!40000 ALTER TABLE `travel_product` DISABLE KEYS */;
INSERT INTO `travel_product` VALUES (1,11,1,'FRXL-001','趣巴黎•夜游',78200,10,'2016-06/20/5767aa68522dd.jpg','2016-06/20/5767ac91c6850.jpg','2016-06/20/5767ac91d3a67.jpg','2016-06/20/5767ac91e0815.jpg','2016-06/20/5767ac91f0b59.jpg','2016-06/20/5767ac920a7e6.jpg','yes','yes','2016-06-20 08:28:56','<p><img src=\"/opentrip/Public/Uploads/desc/2016-06/21/14665073901817.jpg\" alt=\"14665073901817.jpg\" /></p>','<p><br /></p><p><img src=\"/opentrip/Public/Uploads/desc/2016-06/20/14664139675082.jpg\" alt=\"14664139675082.jpg\" /></p><p><img src=\"/opentrip/Public/Uploads/desc/2016-06/20/1466413969808.jpg\" alt=\"1466413969808.jpg\" /></p><p><img src=\"/opentrip/Public/Uploads/desc/2016-06/20/14664139719720.jpg\" alt=\"14664139719720.jpg\" /></p><p><img src=\"/opentrip/Public/Uploads/desc/2016-06/20/14664139739169.jpg\" alt=\"14664139739169.jpg\" /></p><p><img src=\"/opentrip/Public/Uploads/desc/2016-06/20/14664139747654.jpg\" alt=\"14664139747654.jpg\" /></p><p><br /></p>','','<p><strong>【预订确认】</strong><br />本产品预订后需要二次确认。<br /><strong>【携带证件】</strong><br />请携带护照参加本行程。<br /><strong>【特别提示】</strong><br />1.集合时间：待定。（闪灯时间有季节性，夏季晚7点至8点半每半小时准时发车，冬季下午3、4、5、6点也可发车）<br />2.集合地点：香榭丽舍大街Disney门口或凯旋门门口。<br />3.三人起发团，价格根据实际参团情况现场交付尾款。<br /><strong>【不可转让】</strong><br />本产品一旦购买不能转让<br /><strong>【迟到、未参加】</strong><br />因个人原因迟到或未参加行程，不予负责且定金不予退还。<br /></p>','<p>本产品预订后，经二次确认后取消或修改订单将不予退款。</p>','<p>欢迎发送邮件至opentrip@qq.com垂询详情或其他巴黎周边一日或多日定制行程，我们的客服人员将尽快与您联系。</p>','no','【朝圣之旅】','【左岸人文】','【经典文化】','yes','普通话','欧洲','法国','巴黎','香榭丽舍大街Disney门口或凯旋门门口','','','','','','50','','夏季晚7点至8点半每半小时准时发车，冬季下午3、4、5、6点也可发车','三人起发团','','','入台证','',NULL,NULL,NULL,NULL,NULL,NULL,NULL,NULL,NULL,NULL,NULL,NULL,NULL,NULL,NULL,NULL,NULL,NULL,NULL),(2,11,1,'FRXL-002','奥地利捷克匈牙利深度品质游（10天9晚）',10,0,'2016-06/21/5768e51eaeb41.jpg','2016-06/21/5768e51edb022.jpg','2016-06/21/5768e51ee7076.jpg','2016-06/21/5768e51ef1141.jpg','2016-06/21/5768e51f094b7.jpg','2016-06/21/5768e51f158cf.jpg','yes','yes','2016-06-21 06:56:31','','<p><img src=\"/opentrip/Public/Uploads/desc/2016-06/21/14664922662168.jpg\" alt=\"14664922662168.jpg\" /></p><p><img src=\"/opentrip/Public/Uploads/desc/2016-06/21/14664922697822.jpg\" alt=\"14664922697822.jpg\" /></p><p><img src=\"/opentrip/Public/Uploads/desc/2016-06/21/14664922725268.jpg\" alt=\"14664922725268.jpg\" /></p><p><img src=\"/opentrip/Public/Uploads/desc/2016-06/21/14664922746032.jpg\" alt=\"14664922746032.jpg\" /></p><p><img src=\"/opentrip/Public/Uploads/desc/2016-06/21/14664922754203.jpg\" alt=\"14664922754203.jpg\" /></p><p><img src=\"/opentrip/Public/Uploads/desc/2016-06/21/14664922782753.jpg\" alt=\"14664922782753.jpg\" /></p><p><img src=\"/opentrip/Public/Uploads/desc/2016-06/21/14664922803309.jpg\" alt=\"14664922803309.jpg\" /></p><p><br /></p>','','<p><strong>【预订确认】</strong><br />本产品预订后需要二次确认。<br /><strong>【携带证件】</strong><br />请携带护照或其他有效身份证件参加本行程。<br /><strong>【特别提示】</strong><br />1.根据客人实际需求，线路、住宿、交通、报价等具体信息将通过邮件发送至客人邮箱进行二次确认。<br />2.本产品以客人最终全额付款作为二次确认。<br /><strong>【不可转让】</strong><br />本产品一旦购买不能转让<br /><strong>【迟到、未参加】</strong><br />个人原因迟到或未参加行程，不予负责且不退款。<br /></p>','<p>本产品预订后，经二次确认后取消或修改订单将不予退款。</p>','<p>欢迎发送邮件至opentrip@qq.com垂询详情或定制欧洲当地其他线路行程，我们的客服人员将尽快与您联系。</p>','no','【欧洲最美小镇】','【音乐之声仙境】','【彩色波希米亚风】','yes','普通话','欧洲','奥地利','','布拉格','卡罗维发利、皮尔森、萨尔茨堡、哈尔施塔特、维也纳','布达佩斯','','8888','10','','','','','十天九晚','','入台证','',NULL,NULL,NULL,NULL,NULL,NULL,NULL,NULL,NULL,NULL,NULL,NULL,NULL,NULL,NULL,NULL,NULL,NULL,NULL),(3,11,1,'FRXL-004','法国深度游（9天8晚）',0,0,'2016-06/21/5768f0bc2c1da.jpg','2016-06/21/5768f09d88ec4.jpg','2016-06/21/5768f09d95937.jpg','2016-06/21/5768f09da1c64.jpg','2016-06/21/5768f09dae481.jpg','2016-06/21/5768f09dba33e.jpg','yes','yes','2016-06-21 07:45:33','','<p><img src=\"/opentrip/Public/Uploads/desc/2016-06/21/14664950906812.jpg\" alt=\"14664950906812.jpg\" /></p><p><img src=\"/opentrip/Public/Uploads/desc/2016-06/21/14664950924851.jpg\" alt=\"14664950924851.jpg\" /></p><p><img src=\"/opentrip/Public/Uploads/desc/2016-06/21/14664950946531.jpg\" alt=\"14664950946531.jpg\" /></p><p><img src=\"/opentrip/Public/Uploads/desc/2016-06/21/14664950965744.jpg\" alt=\"14664950965744.jpg\" /></p><p><img src=\"/opentrip/Public/Uploads/desc/2016-06/21/14664950984174.jpg\" alt=\"14664950984174.jpg\" /></p><p><img src=\"/opentrip/Public/Uploads/desc/2016-06/21/14664951002941.jpg\" alt=\"14664951002941.jpg\" /></p><p><br /></p>','','<p><strong>【预订确认】</strong><br />本产品预订后需要二次确认。<br /><strong>【携带证件】</strong><br />请携带护照或其他有效身份证件参加本行程。<br /><strong>【特别提示】</strong><br />1.根据客人实际需求，线路、住宿、交通、报价等具体信息将通过邮件发送至客人邮箱进行二次确认。<br />2.本产品以客人最终全额付款作为二次确认。<br /><strong>【不可转让】</strong><br />本产品一旦购买不能转让<br /><strong>【迟到、未参加】</strong><br />个人原因迟到或未参加行程，不予负责且不退款。<br /></p>','<p>本产品预订后，经二次确认后取消或修改订单将不予退款。</p>','<p>欢迎发送邮件至opentrip@qq.com垂询详情或定制欧洲当地其他线路行程，我们的客服人员将尽快与您联系。</p>','no','【深度】','【红酒】','【美食】','yes','普通话','欧洲','法国','巴黎','巴黎','波尔多 圣埃米利翁 多尔多涅 卢瓦尔河谷 图尔古堡','巴黎','','','','','','','','九天八晚','','入台证','',NULL,NULL,NULL,NULL,NULL,NULL,NULL,NULL,NULL,NULL,NULL,NULL,NULL,NULL,NULL,NULL,NULL,NULL,NULL),(4,14,1,'LMT-AA-BACP-16','巴西阿根廷智利秘鲁16天深度品质团--美国航空',43600,89,'2016-06/21/576922c92e5ee.jpg','2016-06/21/576922c93b2ac.jpg','2016-06/21/576922c94768f.jpg','2016-06/21/576922c953b16.jpg','2016-06/21/576922c95fae8.jpg','2016-06/21/576922c96c2a2.jpg','yes','yes','2016-06-21 11:19:37','<p>★	赠送美国签证，如有美签再减1000元/人（持有美国、加拿大有效期内签证智利免签）<br />\r\n					★	航班国际段采用美国AA航空，行李一站到南美<br />\r\n					★	前往热带雨林都市---玛瑙斯，深入“生命王国”及“地球之肺”的亚马逊河流域，领略“河流之王”【黑白河】交汇奇观！<br />\r\n					★	世界新7大奇迹：耶稣山游览<br />\r\n					★	独家安排：欣赏【巴西、阿根廷2段伊瓜苏大瀑布】，近距离接触世界上最宽最险的瀑布群<br />\r\n					★	前往世界最狭长的国家—智利<br />\r\n					★	感受瓦莱帕拉索的历史文化遗产<br />\r\n					★ 特别安排巴西特色烤肉餐<br /></p>','<p>第一天  北京--达拉斯--圣保罗<br />\r\n			今天，怀着无比期待的心情，我们将展开前往南美洲之旅，在一起准备就绪之后，下午2点于北京首都机场集合，出发搭乘下午航班经美国达拉斯转机飞往南美最大的城市-巴西圣保罗，夜宿飞机上。</p><p>第二天 圣保罗<br />\r\n			抵达接机，回酒店休息，调整时差。晚上自由活动。</p><p>第三天  圣保罗--玛瑙斯<br />今天我们将一整天参观圣保罗市区，晚上乘机飞往玛瑙斯，抵达后入住酒店休息.<br />早餐后我们将乘坐旅游大巴参观【IPIRANGA十八世纪皇宫花园】和【皇宫博物馆】(维修中，外观)，外观【拉美议会大厦】和【拉美民俗展馆】；后游览州议会附近的【开拓者雕像】和【护法英雄纪念碑】；游览圣保罗隐藏景点【蝙蝠侠胡同】这是藏在维拉马达莱纳区(Vila Madalena)深处的一条数百米的小巷，巷子从地面到墙上的每一寸都被涂满五颜六色的涂鸦。如果想要感受一下浓郁的南美色彩，那就从这条巷子开始。这条著名的巷子吸引了世界各地的涂鸦艺术家，每隔一段时间都会有新的涂鸦盖过旧的涂鸦。所以每次到蝙蝠侠胡同，墙上的涂鸦都会有所不同。外观【圣保罗大剧院】，参观【阿姆斯特丹宝石博物馆】。</p><p><img src=\"/opentrip/Public/Uploads/desc/2016-06/21/14665080708472.jpg\" alt=\"14665080708472.jpg\" /></p><p align=\"center\">圣保罗市区风光</p><p><img src=\"/opentrip/Public/Uploads/desc/2016-06/21/14665080839681.jpg\" alt=\"14665080839681.jpg\" /></p><p align=\"center\">蝙蝠侠胡同图片</p><p>第四天：玛瑙斯<br />今天将开始一场雨林探险，早餐后我们乘船游览【亚马逊河】，探索亚马逊雨林奥妙的生态景致，您也有机会见识到各式热带雨林特有的帝王莲、珍稀动物等；在这里还到处栖息着短吻鳄。接着，眺望玛瑙斯外滩风貌，观赏【黑白两河交汇】奇观，如果幸运的话，您还有机会造访亚马逊雨林特有的【粉河豚】。中午当地餐厅用餐，下午如水位适合换小船玛瑙斯支流探险（如水位低改市区参观），更深入到亚马逊丛林中，亲自去揭开亚马逊雨林神秘的面纱；晚餐后入住酒店休息。</p><p>第五天：玛瑙斯--里约<br />今天我们将在玛瑙斯市区参观，去欣赏这座充满着热带风情和历史故事的小城，了解印第安人的古老文化。我们将从【百年大剧院】开始，19世纪初，橡胶产业全盛时期，贸易的兴旺直接带来文艺的兴盛。百年大剧院是那个时代留下来的最奇特最有影响力的建筑之一。接下来我们将参观距今有一千多年历史的【印第安人博物馆】（含门票），这里记载着古印第安人的生活方式。接着我们将前往【古贸易市场】，市场外观早已衰败不堪了，而市场里面却繁荣兴旺得很：各种摊铺林林总总，挤得密密麻麻，生鲜干杂、珍奇水果、药用植物、生活用品、自制纪念品。似乎荟萃了亚马逊雨林土著的生活方式和生存智慧。下午将乘机飞往被称为“惊异之城”的里约，抵达后入住酒店休息。</p><p><img src=\"/opentrip/Public/Uploads/desc/2016-06/21/14665080948784.jpg\" alt=\"14665080948784.jpg\" /></p><p align=\"center\">玛瑙斯大剧院</p><p>第六天：里约--伊瓜苏<br />今天我们将乘车游览位于海拔709米高的【耶稣山】，这里是观光里约最理想的地方。山上的巨型基督像，是该市的标志，也是2007年新票选的世界七大奇迹之一，是一座装饰艺术风格的大型耶稣基督雕像，也是世界最闻名的纪念雕塑之一，在这里，无论何时何地都能将里约市一眼望尽；另外，在耶稣山上还可远眺建于1968年的南美最长的【尼特罗伊跨海大桥】；午餐后您将前往参观【世界第二大的宝石中心H.STERN】，在这里你可观赏到宝石制作过程；傍晚我们将乘机前往伊瓜苏市，去见识世界上最宽的瀑布-伊瓜苏瀑布的宏伟壮观。抵达后由导游接机送往酒店休息；</p><p><img src=\"/opentrip/Public/Uploads/desc/2016-06/21/14665081051489.jpg\" alt=\"14665081051489.jpg\" /></p><p align=\"center\">耶稣山</p><p>第七天：伊瓜苏<br />早餐后，我们将驱车前往世界上最宽的瀑布-【伊瓜苏大瀑布】，1984年被联合国科教文组织列为世界自然遗产；2011年11月12日“世界新七大自然奇观”公布，伊瓜苏大瀑布榜上有名。伊瓜苏瀑布与众不同之处在于观赏点多，从不同地点、不同方向、不同高度，看到的景象不同。伊瓜苏瀑布分布于峡谷两边，阿根廷与巴西就以此峡谷为界，在阿根廷和巴西观赏到的瀑布景色截然不同。中午于伊瓜苏瀑布餐厅用餐，之后前往百鸟天堂【伊瓜苏鸟园】，这个坐落在世界第一宽的伊瓜苏瀑布旁边的鸟园很容易让人错过，游客很难想到在这个不显眼的门里面，是如此的别有洞天，这里是鸟儿的王国，鸟儿数量之多堪称世界之最。鸟园里环境深幽，青草碧树、蜂飞蝶舞，鸟语花香。路边满是各种叫不出名字的花花草草，争相展示其傲人姿态。行走在鸟园，一派绿意幽然的景致在眼中蔓延，十分惬意。热带地区的鸟类本来种类就丰富，巴西的鹦鹉有绿色的、红色的、蓝色的、黄色的，大小各异，琳琅满目。大金刚鹦鹉绚丽多彩，红绿、黄蓝金刚鹦鹉是世界最大的鹦鹉，从头到尾巴尖，足有1米长。它们是巴西的“国鸟”，巴西的钱币上都有它们的画像。<br />其间可自费乘坐直升飞机全方位360°空中观赏瀑布全景。<br />晚上，您还可以选择自费欣赏【伊瓜苏三国风情舞表演】（自选付费项目，周日不开放），享受美食的同时还能欣赏这南美热情奔放的歌舞表演。</p><p style=\"text-align:center;\"><img src=\"/opentrip/Public/Uploads/desc/2016-06/21/14665081846317.jpg\" alt=\"14665081846317.jpg\" /></p><p align=\"center\">伊瓜苏瀑布</p><p>第八天：伊瓜苏—布宜诺斯艾利斯<br />在享受完早餐后，我们将办理国境手续前往【阿根廷伊瓜苏国家公园】游览伊瓜苏大瀑布的精华点【魔鬼咽喉瀑布】，此瀑布高82公尺宽120公尺，非常的壮观雄伟，绝对让您叹为观止。抵达后我们将漫步在多条栈道上，这些栈道将带领着我们至瀑布顶部看由275大小不同、景观各异的瀑布群所组成的成千上万条河水以千军万马之势从各小瀑布沸腾而下，惊心动魄的感受，由不得令人感叹上帝造物及大自然的美妙。之后随着栈道也可到达瀑布中下游，近观好像要被大水冲走一般。勇敢者可自费参加乘车橡皮快艇靠近瀑布峡谷，亲临其境，感受瀑布像雨洒般四散在访客的头上，置身于大洪水中的感受。下午，我们将从伊瓜苏飞往布宜，开始南美最南国度-阿根廷之旅；抵达后由导游接机送入酒店休息。</p><p><img src=\"/opentrip/Public/Uploads/desc/2016-06/21/14665081268566.jpg\" alt=\"14665081268566.jpg\" /></p><p align=\"center\">魔鬼咽喉瀑布</p><p>第九天：布宜诺斯艾利斯<br />\r\n			古农庄一日游<br />早餐后前往郊外牧场享受全套著名的阿根廷烤肉，欣赏骑术及民歌表演。阿根廷荒野上的游牧生活源于高卓人，在农场上都可以看到牧人穿传统的高卓服饰打扮，欣赏传统高求人舞蹈。而马术亦是高卓人所注重的技术，团友藉此游览可受到浓厚拉丁美洲的乡土情怀,品尝阿根廷葡萄酒，看马术表演，返回布宜.晚餐后入住酒店休息。</p><p><img src=\"/opentrip/Public/Uploads/desc/2016-06/21/14665082264580.jpg\" alt=\"14665082264580.jpg\" /></p><p><img src=\"/opentrip/Public/Uploads/desc/2016-06/21/14665082285742.jpg\" alt=\"14665082285742.jpg\" /></p><p align=\"center\">古农庄</p><p>第十天：布宜诺斯艾利斯--圣地亚哥<br />早上我们将前往布宜著名的风景区【老虎洲】（含船票）游览，沿途经过SAN INISIDRO高级时尚住宅区，欣赏LA PLATA河沿岸宁静休息的景色；抵达老虎洲后，我们将搭乘快艇，行驶于错落有致的、私人船坞林立的度假别墅之间。午间返回布宜市区用餐，下午进行市区游览：外观世界三大剧院之一的【科隆剧院】，建筑风格雍容典雅，也是世界上为数不多几家自制戏服道具的剧院之一，著名声乐家如帕华洛帝、多明哥在此演出过；【七九大道和方尖碑】，是最重要的城市指标，且据称为全世界最宽的道路；五月广场，为布宜最早的市中心地区，周围有不同历史时期的建筑；还有殖民时期的市政厅与新古典派风格的布宜诺斯艾利斯大教堂等。<br />晚上我们将乘机飞往智利首都-圣地亚哥，抵达后入住酒店休息。</p><p>第十一天：圣地亚哥--瓦尔帕来索海滨一日游（120公里）<br />今天我们将驱车前往距圣地亚哥120公里外的具有“海上葡萄园”和“天堂之路”的美称的南美太平洋岸的重要港口-【瓦尔帕莱索】。1996年世界遗产委员会宣布瓦尔帕莱索不同寻常的缆车系统（高度倾斜缆车）成为世界一百个濒危历史文化宝藏之一。1998年草根活动家们说服了智利政府和当地行政机构为瓦尔帕莱索申请进入世界遗产名录进行努力。2003年瓦尔帕莱索进入世界遗产名录。由于城市建筑在大量的陡坡之上并可直接俯视太平洋，瓦尔帕莱索也自豪的宣称迷宫样的城市道路和鹅卵石小巷体现了城市丰富的建筑和文化遗产。沿途，我们将参观智利著名的VALMOND葡萄园，去了解智利葡萄酒的特点。到达之后我们将去参观【国会大厦】、港口（军港及货港）岸边观看停泊在港湾的各种智利军舰、【工艺品市场】和山顶观景台。之后继续前往海滨花园城市【威尼亚】，威尼亚市有海上葡萄园之称，因城市位于太平洋沿岸及市内建设很多面积广大的花园而得名。沿着海边欣赏10里长滩、海喷黑白岩、海豹礁后，去市中心观唯一的一尊从复活节岛运来的复活节岛人头像，傍晚返回圣地亚哥。</p><p>瓦尔帕来索海滨</p><p>第十二天：圣地亚哥--利马<br />早餐后我们前往智利历史的起源点-【圣卢西亚山】。这座位于市中心东侧、将近70公尺高的小山丘曾是西班牙侵略者为了抵御原住民而建的要塞所在位置。如今已找不到当年激烈斗争的痕迹，成为了一座宁静、草木茂盛的绿色公园，当初残留下的，只有山顶上一座坚固的石造建筑遗址可以让我们来想象当初惨烈的激战。之后前往著名的旅游胜地【圣母山】，现在辟为“首都公园”，占地712 平方公里，是圣地亚哥最引人入胜的公园。圣母山北侧是贫民区，没有高楼；东侧是繁华市区。在圣母山上俯瞰圣地亚哥，全城景色尽收眼底，还有远眺那安第斯山脉连绵不绝的雪峰。市区参观：总统府（外观）、阿玛斯广场、步行街、大教堂等。<br />下午我们将乘机飞往秘鲁首都-利马，抵达接机晚餐后入住酒店休息。</p><p>第十三天：D13  利马-NAZCA-PISCO<br />今天，我们将沿着秘鲁辽阔的沙漠海岸泛美公路一路南下，欣赏着周边南秘鲁的风貌，前往世上最大谜团之一的【纳斯卡大地画】参加飞行之旅。<br />已于1994年被联合国科教文组织选为世界遗产，位于高原沙漠中，在西元400到650年间由纳斯卡文明做出的八百多幅画，因为太大，直到1939年因为飞机经过其上空才被发现。假设纳斯卡人未能从有利位置看见他们的作品，他们如何精准地作出这些画呢？目的为何？没人敢说哪一种是正确的，留给大家无限的想象空间。<br />您将搭乘私人小飞机飞行观看这些迷一般的地画，包括太空人、蜂鸟、秃骛、猴子、蜘蛛、壁虎、鲸鱼、蛇、鸟、树根、花、几何图案如螺旋、三角形、长方块...<br />纳斯卡午餐后，前往距离ICA仅五公里的地方。那里有一大片沙漠，而独自隐藏在荒芜沙漠深处当中的是一个名为【HUACACHINA】的古老绿洲。<br />号称为南美洲最美绿洲，HUACACHINA是以一池天然湖水为中心，棕榈树、桉树及建筑集中在湖边，因为湖水有医疗功效，曾是秘鲁的度假胜地，如今秘鲁的新索尔50元纸钞的背面就是这座湖。碧绿的湖水四周被高大数十公尺的沙丘包围，吸引着喜欢户外运动的访客造访，进而发展出滑沙及沙丘越野车的运动。<br />接近日落时，可到附近山丘欣赏HUACACHINA绿洲全景。在一片寸草不生、白沙堆积的大地上，一池湖水带来生命的泉源，形成一块充满生气活力的绿地。这里，美到让人误以为是不存在的海市蜃楼。<br />晚上我们将下榻PISCO的酒店。</p><p>第十四天：PISCO--利马--达拉斯<br />早上，我们要前往的是保护区内最引人入胜的距海岸11公里的【鸟岛】。您将从帕拉卡斯海湾乘坐游艇前往太平洋，观察不同的生态系统。在岛四周的拱门和洞穴巡航约需要小半时，岛上栖息着许多海洋动物和鸟类，可看到火烈鸟、海鸟、海狮，偶尔还有海豚在水里玩耍，甚至有时还会看到麦哲伦企鹅前来凑热闹，其中尤以为数众多的海豹最为吸引人注意，一些胆大的海豹会在游船四周探头探脑，十分逗趣可爱。不过最有特色的不外乎是成千上万只黑白两色的海鸟，岛屿高处堪称为海鸟的天堂。<br />之后我们将驱车返回已被定为世界文化遗产的利马老城区市区观光：参观【军事广场】、【总统府】、【大教堂】、【圣马丁广场】等，这些都是来自当地及旧大陆的工艺师们所协力完成的建筑瑰宝，将西班牙殖民时期的荣华表露无遗。还要到那富有民间手工艺品色彩的【市场】购物，为远在国内的亲朋好友挑选一两件纪念品。<br />晚餐后前往机场，搭乘次日航班经达拉斯转机返回北京。</p><p>第十五天：达拉斯--北京<br />\r\n			达拉斯转机</p><p>第十六天：北京<br />下午抵达北京，结束南美之行</p>','<p><strong>费用包含</strong></p><p>1.机票 <br />2.空调巴士  <br />3.行程所列首道景点门票（自费景点除外）  <br />4.当地标准双人间住宿  <br />5.包行程中所列早、午、晚餐（太早，飞机车船上已提供除外）  <br />6.导游(司机)陪同  <br />7.签证费  <br />8.全程司机导游服务费  <br />9.离境税及机场税  <br />特别赠送： 1瓶矿泉水/人/天  </p><p><br /><strong>不含项目</strong></p><p>1.医疗及人身意外险等，需客人自行购买  <br />2.个人其它消费等<br />3.境外自选项目<br />4.如单数报名且拼不到客人分担房间，如1,3,5人等，需补全程酒店单房差：6500元 /人全程<br /><br /></p>','<p><strong>【预订确认】</strong><br />本产品预订后需要二次确认具体线路、定金金额和所需提供资料。<br /><strong>【特别提示】</strong><br />* 6人即可成团，10人以上派领队。<br />* 团队位子最终确认以定金以及客户资料到齐为准。<br />* 若客人因自身原因取消，均将根据实际产生的费用收取相应损失费用。<br />* 送签证前7天取消，需收取2000元/人机位定金损失费。签证出来后取消，一个签证需收取 2000元/人损失费用，两个签证收取 4000 元/人损失费用的保证金，以此类推，并收取销签一定额的销签保证金。若客户被领馆拒签，团队其他客人签证出来后要求取消的， 按照签出不走处理；<br />* 行程所列酒店标准为当地酒店评定标准。根据相关行业规定，单人报名原则上会收取单间差，但会尽力调配房间。<br />* 团队不允许客人境外脱团；客户回国后，需持护照原件销签。<br />\r\n  抵达国内后领队会向客人收取护照原件，希望客户给予配合！<br />* 所有客人均需收取销签担保函原件，根据客户具体资质，我方另会加收销签保证金。<br />* 本产品供应商保留因航空公司机位调整,签证,汇率及不可抗力等因素推迟或调整价格及出发日期的权利。</p>','<p>本产品预订经二次确认后取消或修改订单均将根据实际产生的费用收取相应损失费用，具体见预定须知。</p>','<p>欢迎发送邮件至opentrip@qq.com垂询详情或私人定制南美巴西 阿根廷 智利 秘鲁 墨西哥  古巴  巴拿马 牙买加 哥斯达黎加 厄瓜多尔 委内瑞拉 哥伦比亚 乌拉圭 玻利维亚 巴哈马 多米尼加 苏里南 圭亚那 法属圭亚那 危地马拉 洪都拉斯 萨尔瓦多 南极等其他线路，我们的客服人员将尽快与您联系。</p>','no','赠送美国签证，如有美签再减1000元/人','航班国际段采用美国AA航空，行李一站到南美','世界新7大奇迹：耶稣山游览','yes','普通话','南美洲','巴西','','北京、上海、香港','','巴西、阿根廷、智利、秘鲁','品质团','88888','','','','2016年9月27日、2016年12月1日','','16天','','入台证','',NULL,NULL,NULL,NULL,NULL,NULL,NULL,NULL,NULL,NULL,NULL,NULL,NULL,NULL,NULL,NULL,NULL,NULL,NULL),(5,13,1,'MVSHARIFA001','马尔代夫经典中部环礁8 天7 晚船宿（MV Sharifa 号）',899,90,'2016-06/22/576a5519683f2.jpg','2016-06/22/576a551970a89.jpg','2016-06/22/576a55197d17e.jpg','2016-06/22/576a551988001.jpg','2016-06/22/576a5519926c2.jpg','2016-06/22/576a55199be8e.jpg','yes','yes','2016-06-22 09:06:33','<p><span style=\"font-family:\'华文细黑\';\"></span></p><p>行程：马尔代夫8 天7 晚船宿</p><p>潜船：MV Sharifa 号</p><p>线路：马尔代夫中部环礁（南北马累环礁、Felidhoo 环礁、南北阿里环礁）</p><p>线路说明：</p><p><img src=\"/opentrip/Public/Uploads/desc/2016-06/22/14665865208158.jpg\" alt=\"14665865208158.jpg\" /></p><p>这条经典的马代中部环礁线路，俗称“四方线”，从马累出发，途径北马累环礁、南马累环礁、Felidhoo 环礁（又称为Vaavu 环礁）、南阿里环礁、北阿里环礁，最后回到马累。在这条线路上，你能体验马尔代夫潜水最经典、最精彩的部分：美丽的珊瑚、精彩的沟壑潜水(Channel Dive)、优雅的Manta、动人心魄的夜潜护士鲨、与鲸鲨同游、成群的各种鱼类；还有美丽洁白的沙滩、清澈的海水、无人岛上热情似火的BBQ 晚餐、充满浓郁风情的马尔代夫特色晚宴及表演。</p><p><img src=\"/opentrip/Public/Uploads/desc/2016-06/22/14665867026052.jpg\" alt=\"14665867026052.jpg\" /></p><p><img src=\"/opentrip/Public/Uploads/desc/2016-06/22/1466586705205.jpg\" alt=\"1466586705205.jpg\" /></p><p><img src=\"/opentrip/Public/Uploads/desc/2016-06/22/14665867072740.jpg\" alt=\"14665867072740.jpg\" /></p><p><img src=\"/opentrip/Public/Uploads/desc/2016-06/22/14665866623850.jpg\" alt=\"14665866623850.jpg\" /></p><p><span style=\"color:#000000;\"></span><br /></p><p><br /></p>','<p><strong>大致行程安排：</strong></p><p>第一天：到达马累国际机场，工作人员会在机场迎接，并送您登上船宿船Sharifa 号。</p><p>第二天：在北马累环礁进行第一潜 － 测试潜，第二、第三潜在南马累环礁。</p><p>第三天：Felidhoo 环礁，上午两潜，夜潜在Alimatha Jetty（护士鲨）。</p><p>第四天：南阿里环礁，浮潜鲸鲨，另两潜Channel Dive。</p><p>第五天：南阿里环礁，三潜。夜间无人岛BBQ。</p><p>第六天：北阿里环礁，三潜。</p><p>第七天：上午两潜，下午向北马累环礁航行，傍晚前到达马累。</p><p>第八天：送贵宾下船，到马累国际机场。</p><p>共六个潜水日，一共17 潜，包含一个夜潜。</p><p>注：以上行程仅供参考，行程会根据天气、海况、洋流情况做调整，在确保安全的情况下，</p><p>船长有权调整行船线路，因此有可能错过某些潜点、或者替换某些潜点。</p><p><br /></p><p><span style=\"white-space:nowrap;\"><strong>船宿参考报价：</strong></span></p><p><span style=\"white-space:nowrap;\">时间：201x 年xx 月xx 日（周日）～201x 年xx 月xx 日（周日）</span></p><p><span style=\"white-space:nowrap;\">（8 天7 晚行程一般是周日－周日，若希望启程／返回在其它日子，请提前垂询）</span></p><p><span style=\"white-space:nowrap;\">线路：马尔代夫经典中部环礁8 天7 晚船宿</span></p><p><span style=\"white-space:nowrap;\">价格：</span></p><p><span style=\"white-space:nowrap;\">双人间（2 间）：$ 1 7 0 0 /人（双人房住单人，加收7 0％）</span></p><p><span style=\"white-space:nowrap;\">三人间（5 间）：$ 1 4 3 0 /人（3 人房住2 人，加收2 0％）</span></p><p><span style=\"white-space:nowrap;\">海景房（2 间）：$ 3 5 0 0 /间</span></p><p><br /></p>','<p><strong>价格包括：</strong></p><p>- 船上住宿</p><p>- 每日3 餐（早、中、晚餐）</p><p>- 每天3 潜（除了最后一个潜水日），每周1 个夜潜（8 天7 晚行程共17 潜）</p><p>- 2 个有经验的英文／中文潜导</p><p>- 每潜后的小吃、水果、点心及热饮</p><p>- 每天24 小时供应咖啡、茶、及饮用水（饮水机）</p><p>- 启程及回程日马累机场到船宿船的免费接送</p><p>- 气瓶、配重及配重带</p><p>- 马尔代夫政府税（12%）及马尔代夫床税(Bed Tax)</p><p><br /></p><p><strong>价格不包括：</strong></p><p>- 机票</p><p>- 海洋保护区保护费、海洋公园门票</p><p>- 装备租赁</p><p>- 额外夜潜（价格根据人数而定）</p><p>- 额外潜导：$120／潜导／天（中文／英文）</p><p>- 啤酒、酒精饮料、软饮</p><p>- 圣诞夜、新年除夕、春节除夕的庆祝晚宴附加费，每人每次$45 美元</p><p>- 客户个人保险</p><p>- 马尔代夫环境税(Maldives Green Tax)（从2015 年11 月1 日起征收，每人每晚$6</p><p>美元）</p><p>- 加潜：$35/潜/人；加夜潜：$45/潜/人（取决于海况和参加人数）</p><p>- 小费（建议每人每天$10-$15）</p><p><br /></p><p><strong>船上的其它服务：</strong></p><p>1. 免费WI-FI（在有的地方或者航行途中可能会没有信号）</p><p>2. 无人岛上的BBQ 晚餐一次（上岛费每人每次$10-$20 美元）</p><p>3. 马尔代夫特色晚宴及狂欢Party</p><p>4. 夜钓或白天的出海钓鱼</p><p>5. 无限浮潜及沙滩游（条件允许情况下）</p><p>6. 离船日马累市区游（2 小时），如果客户要求并且航班时间允许</p><p>7. 代订马累市区或机场岛的酒店</p><p>8. 从马累市区及机场岛的酒店到机场的接送服务（每次80MVR）</p><p>9. 圣诞夜、新年除夕、春节除夕的庆祝晚宴（另外收费）</p><p><br /></p><p><span style=\"font-size:19px;font-family:\'华文细黑\';\"><span style=\"line-height:0px;\">‍</span></span><span style=\"line-height:0px;\">‍</span><strong>装备租赁</strong>：$180/行程/人（全套，不含象拔及手电）<span style=\"line-height:0px;\">‍</span><span style=\"font-family:\'华文细黑\';\"><span style=\"line-height:0px;\">‍</span></span></p><table border=\"1\" cellspacing=\"0\" cellpadding=\"0\" style=\"border:none;\"><tbody><tr><td width=\"141\" valign=\"top\" style=\"width:141px;border-width:1px;padding:0 7px;\"><p><span style=\"font-family:\'华文细黑\';\">装备</span></p></td><td width=\"57\" valign=\"top\" style=\"width:57px;border-top-width:1px;border-right-width:1px;border-bottom-width:1px;border-left-style:none;padding:0 7px;\"><p><span style=\"font-family:\'华文细黑\';\">租金</span></p><p><span style=\"font-family:\'华文细黑\';\">（每天）</span></p></td><td width=\"95\" valign=\"top\" style=\"width:95px;border-top-width:1px;border-right-width:1px;border-bottom-width:1px;border-left-style:none;padding:0 7px;\"><p><span style=\"font-family:\'华文细黑\';\">租金</span></p><p><span style=\"font-family:\'华文细黑\';\">（每船期）</span></p></td><td width=\"104\" valign=\"top\" style=\"width:104px;border-top-width:1px;border-right-width:1px;border-bottom-width:1px;border-left-style:none;padding:0 7px;\"><p><span style=\"font-family:\'华文细黑\';\">损坏／遗失</span></p><p><span style=\"font-family:\'华文细黑\';\">赔偿金额</span></p><p><span style=\"font-family:\'华文细黑\';\"> </span></p></td><td width=\"157\" valign=\"top\" style=\"width:157px;border-top-width:1px;border-right-width:1px;border-bottom-width:1px;border-left-style:none;padding:0 7px;\"><p><span style=\"font-family:\'华文细黑\';\">备注</span></p><p><span style=\"font-family:\'华文细黑\';\"> </span></p></td></tr><tr><td width=\"141\" valign=\"top\" style=\"width:141px;border-right-width:1px;border-bottom-width:1px;border-left-width:1px;border-top-style:none;padding:0 7px;\"><p><span style=\"font-family:\'华文细黑\';\">浮力控制装置<span>(BCD)</span></span></p></td><td width=\"57\" valign=\"top\" style=\"width:57px;border-top-style:none;border-left-style:none;border-bottom-width:1px;border-right-width:1px;padding:0 7px;\"><p><span style=\"font-family:\'华文细黑\';\">$15</span></p></td><td width=\"95\" valign=\"top\" style=\"width:95px;border-top-style:none;border-left-style:none;border-bottom-width:1px;border-right-width:1px;padding:0 7px;\"><p><span style=\"font-family:\'华文细黑\';\">$75</span></p></td><td width=\"104\" valign=\"top\" style=\"width:104px;border-top-style:none;border-left-style:none;border-bottom-width:1px;border-right-width:1px;padding:0 7px;\"><p><span style=\"font-family:\'华文细黑\';\">$450</span></p></td><td width=\"157\" valign=\"top\" style=\"width:157px;border-top-style:none;border-left-style:none;border-bottom-width:1px;border-right-width:1px;padding:0 7px;\"><p><span style=\"font-family:\'华文细黑\';\">请提前告知号码</span></p></td></tr><tr><td width=\"141\" valign=\"top\" style=\"width:141px;border-right-width:1px;border-bottom-width:1px;border-left-width:1px;border-top-style:none;padding:0 7px;\"><p><span style=\"font-family:\'华文细黑\';\">调节器<span>(Regulator)</span></span></p></td><td width=\"57\" valign=\"top\" style=\"width:57px;border-top-style:none;border-left-style:none;border-bottom-width:1px;border-right-width:1px;padding:0 7px;\"><p><span style=\"font-family:\'华文细黑\';\">$15</span></p></td><td width=\"95\" valign=\"top\" style=\"width:95px;border-top-style:none;border-left-style:none;border-bottom-width:1px;border-right-width:1px;padding:0 7px;\"><p><span style=\"font-family:\'华文细黑\';\">$75</span></p></td><td width=\"104\" valign=\"top\" style=\"width:104px;border-top-style:none;border-left-style:none;border-bottom-width:1px;border-right-width:1px;padding:0 7px;\"><p><span style=\"font-family:\'华文细黑\';\">$450</span></p></td><td width=\"157\" valign=\"top\" style=\"width:157px;border-top-style:none;border-left-style:none;border-bottom-width:1px;border-right-width:1px;padding:0 7px;\"><p><span style=\"font-family:\'华文细黑\';\">Yoke </span><span style=\"font-family:\'华文细黑\';\">接口</span></p></td></tr><tr><td width=\"141\" valign=\"top\" style=\"width:141px;border-right-width:1px;border-bottom-width:1px;border-left-width:1px;border-top-style:none;padding:0 7px;\"><p><span style=\"font-family:\'华文细黑\';\">湿衣<span>(Wet Suit)</span></span></p></td><td width=\"57\" valign=\"top\" style=\"width:57px;border-top-style:none;border-left-style:none;border-bottom-width:1px;border-right-width:1px;padding:0 7px;\"><p><span style=\"font-family:\'华文细黑\';\">$8</span></p></td><td width=\"95\" valign=\"top\" style=\"width:95px;border-top-style:none;border-left-style:none;border-bottom-width:1px;border-right-width:1px;padding:0 7px;\"><p><span style=\"font-family:\'华文细黑\';\">$40</span></p></td><td width=\"104\" valign=\"top\" style=\"width:104px;border-top-style:none;border-left-style:none;border-bottom-width:1px;border-right-width:1px;padding:0 7px;\"><p><span style=\"font-family:\'华文细黑\';\">$200</span></p></td><td width=\"157\" valign=\"top\" style=\"width:157px;border-top-style:none;border-left-style:none;border-bottom-width:1px;border-right-width:1px;padding:0 7px;\"><p><span style=\"font-family:\'华文细黑\';\">3mm</span></p></td></tr><tr><td width=\"141\" valign=\"top\" style=\"width:141px;border-right-width:1px;border-bottom-width:1px;border-left-width:1px;border-top-style:none;padding:0 7px;\"><p><span style=\"font-family:\'华文细黑\';\">面镜<span>(Mask)</span></span></p></td><td width=\"57\" valign=\"top\" style=\"width:57px;border-top-style:none;border-left-style:none;border-bottom-width:1px;border-right-width:1px;padding:0 7px;\"><p><span style=\"font-family:\'华文细黑\';\">$5</span></p></td><td width=\"95\" valign=\"top\" style=\"width:95px;border-top-style:none;border-left-style:none;border-bottom-width:1px;border-right-width:1px;padding:0 7px;\"><p><span style=\"font-family:\'华文细黑\';\">$25</span></p></td><td width=\"104\" valign=\"top\" style=\"width:104px;border-top-style:none;border-left-style:none;border-bottom-width:1px;border-right-width:1px;padding:0 7px;\"><p><span style=\"font-family:\'华文细黑\';\">$65</span></p></td><td width=\"157\" valign=\"top\" style=\"width:157px;border-top-style:none;border-left-style:none;border-bottom-width:1px;border-right-width:1px;padding:0 7px;\"><p><span style=\"font-family:\'华文细黑\';\"> </span></p></td></tr><tr><td width=\"141\" valign=\"top\" style=\"width:141px;border-right-width:1px;border-bottom-width:1px;border-left-width:1px;border-top-style:none;padding:0 7px;\"><p><span style=\"font-family:\'华文细黑\';\">脚蹼<span>(Fins)</span></span></p></td><td width=\"57\" valign=\"top\" style=\"width:57px;border-top-style:none;border-left-style:none;border-bottom-width:1px;border-right-width:1px;padding:0 7px;\"><p><span style=\"font-family:\'华文细黑\';\">$5</span></p></td><td width=\"95\" valign=\"top\" style=\"width:95px;border-top-style:none;border-left-style:none;border-bottom-width:1px;border-right-width:1px;padding:0 7px;\"><p><span style=\"font-family:\'华文细黑\';\">$25</span></p></td><td width=\"104\" valign=\"top\" style=\"width:104px;border-top-style:none;border-left-style:none;border-bottom-width:1px;border-right-width:1px;padding:0 7px;\"><p><span style=\"font-family:\'华文细黑\';\">$80</span></p></td><td width=\"157\" valign=\"top\" style=\"width:157px;border-top-style:none;border-left-style:none;border-bottom-width:1px;border-right-width:1px;padding:0 7px;\"><p><span style=\"font-family:\'华文细黑\';\">请提前告知尺码</span></p></td></tr><tr><td width=\"141\" valign=\"top\" style=\"width:141px;border-right-width:1px;border-bottom-width:1px;border-left-width:1px;border-top-style:none;padding:0 7px;\"><p><span style=\"font-family:\'华文细黑\';\">潜靴<span>(Boots)</span></span></p></td><td width=\"57\" valign=\"top\" style=\"width:57px;border-top-style:none;border-left-style:none;border-bottom-width:1px;border-right-width:1px;padding:0 7px;\"><p><span style=\"font-family:\'华文细黑\';\">$3</span></p></td><td width=\"95\" valign=\"top\" style=\"width:95px;border-top-style:none;border-left-style:none;border-bottom-width:1px;border-right-width:1px;padding:0 7px;\"><p><span style=\"font-family:\'华文细黑\';\">$15</span></p></td><td width=\"104\" valign=\"top\" style=\"width:104px;border-top-style:none;border-left-style:none;border-bottom-width:1px;border-right-width:1px;padding:0 7px;\"><p><span style=\"font-family:\'华文细黑\';\">$40</span></p></td><td width=\"157\" valign=\"top\" style=\"width:157px;border-top-style:none;border-left-style:none;border-bottom-width:1px;border-right-width:1px;padding:0 7px;\"><p><span style=\"font-family:\'华文细黑\';\">请提前告知尺码</span></p></td></tr><tr><td width=\"141\" valign=\"top\" style=\"width:141px;border-right-width:1px;border-bottom-width:1px;border-left-width:1px;border-top-style:none;padding:0 7px;\"><p><span style=\"font-family:\'华文细黑\';\">象拔<span>(SMB)</span></span></p></td><td width=\"57\" valign=\"top\" style=\"width:57px;border-top-style:none;border-left-style:none;border-bottom-width:1px;border-right-width:1px;padding:0 7px;\"><p><span style=\"font-family:\'华文细黑\';\">$3</span></p></td><td width=\"95\" valign=\"top\" style=\"width:95px;border-top-style:none;border-left-style:none;border-bottom-width:1px;border-right-width:1px;padding:0 7px;\"><p><span style=\"font-family:\'华文细黑\';\">$15</span></p></td><td width=\"104\" valign=\"top\" style=\"width:104px;border-top-style:none;border-left-style:none;border-bottom-width:1px;border-right-width:1px;padding:0 7px;\"><p><span style=\"font-family:\'华文细黑\';\">$35</span></p></td><td width=\"157\" valign=\"top\" style=\"width:157px;border-top-style:none;border-left-style:none;border-bottom-width:1px;border-right-width:1px;padding:0 7px;\"><p><span style=\"font-family:\'华文细黑\';\">含线轴</span></p></td></tr><tr><td width=\"141\" valign=\"top\" style=\"width:141px;border-right-width:1px;border-bottom-width:1px;border-left-width:1px;border-top-style:none;padding:0 7px;\"><p><span style=\"font-family:\'华文细黑\';\">潜水手电<span>(Torch)</span></span></p></td><td width=\"57\" valign=\"top\" style=\"width:57px;border-top-style:none;border-left-style:none;border-bottom-width:1px;border-right-width:1px;padding:0 7px;\"><p><span style=\"font-family:\'华文细黑\';\">$8</span></p></td><td width=\"95\" valign=\"top\" style=\"width:95px;border-top-style:none;border-left-style:none;border-bottom-width:1px;border-right-width:1px;padding:0 7px;\"><p><span style=\"font-family:\'华文细黑\';\">$40</span></p></td><td width=\"104\" valign=\"top\" style=\"width:104px;border-top-style:none;border-left-style:none;border-bottom-width:1px;border-right-width:1px;padding:0 7px;\"><p><span style=\"font-family:\'华文细黑\';\">$100</span></p></td><td width=\"157\" valign=\"top\" style=\"width:157px;border-top-style:none;border-left-style:none;border-bottom-width:1px;border-right-width:1px;padding:0 7px;\"><p><span style=\"font-family:\'华文细黑\';\"> </span></p></td></tr></tbody></table><p><span style=\"font-family:\'华文细黑\';\"> </span></p><p><br /></p>','<p><span style=\"font-family:\'华文细黑\';\"><span style=\"line-height:0px;\"></span></span></p><p>‍‍1. ‍‍所有价格以美元计。</p><p>‍‍2. ‍‍‍‍‍‍“每人”的价格是基于2 人或者3 人一个房间，每个人的价格。</p><p>3‍‍. 预定时须先付40%的定金，如果退订，则定金不退。余下的60%余款在出发前60‍‍</p><p>天付清，如果余款付清后因客户原因取消行程，则不能退款。</p><p>4. 如果船宿潜船因突发事件不能出海而且我们也无法找到同级别的替代船，则我们将</p><p>会给客户退款，但需扣除所付费用5%的手续费。</p><p>5. 客户在出发时未能到达的 (No Show) ，费用恕不退还。</p><p>6. 如果因天气、政治、动乱等原因导致的任何变更，我们不承担任何责任。</p><p>7. 所有客户都必须购买相应的保险。我们不承担任何因飞机晚点、个人物品丢失等造</p><p>成的损失及责任。保险必须有保障因潜水可能出现的潜水减压病(DCS)及紧急医疗</p><p>转运的条款。我们保留拒绝没有合适保险的客户登船的权利。</p><p>8. 如有必要，我们有权加收燃油附加费。我们会在出发两周前通知客户，燃油附加费</p><p>在登船时缴纳。</p><p>9. 付款及收据：我们会通过电子邮件发送付款通知，收到付款后我们会发确认函、收</p><p>据和登船证。</p><p>10. 单人占房需补单房差。单房差价为个人价格的70%。</p><p>11. 非潜水员折扣：无。</p><p>12. 付款方式： 协商。</p><p>船上消费可接受美元或马尔代夫卢比现金，信用卡需加收3.5%手续费。</p><p><span style=\"font-family:\'华文细黑\';\"></span><br /></p><p><br /></p>','<p>本产品预订后，经二次确认后取消或修改订单将不予退款。</p><p><br /></p><p style=\"white-space:normal;\"><span style=\"font-family:\'宋体\';color:#000000;\"><strong><span style=\"line-height:0px;\">‍</span></strong></span><span style=\"line-height:0px;\">‍</span>使用方法：</p><p><span style=\"font-family:\'宋体\';color:#000000;\">凭登船证登船</span><span style=\"line-height:0px;\">‍</span><span style=\"font-family:\'宋体\';color:#000000;\"><span style=\"line-height:0px;\">‍</span>。</span></p><p><br /></p>','<p><span style=\"font-size:14px;white-space:normal;\"><a href=\"http://qq.com\"><span style=\"font-family:\'宋体\';\">欢迎致信</span>opentrip@qq.com</a></span><span style=\"font-size:14px;white-space:normal;font-family:\'宋体\';color:#000000;\">垂询马尔代夫其他船宿线路与档期。</span></p>','no','潜水','船宿','','yes','中文 英语','亚洲','马尔代夫','马累','','','','亲密自然','','','','','','','8天','','入台证','',NULL,NULL,NULL,NULL,NULL,NULL,NULL,NULL,NULL,NULL,NULL,NULL,NULL,NULL,NULL,NULL,NULL,NULL,NULL),(6,11,1,'FRXL-003','法国十日红酒深度之旅•（10天9晚）',0,0,'2016-06/21/5768e82b4cc95.jpg','2016-06/21/5768e82b59bb8.jpg','2016-06/21/5768e82b64920.jpg','2016-06/21/5768e82b702ff.jpg','2016-06/21/5768e82b77e3a.jpg','2016-06/21/5768e82b84224.jpg','yes','yes','2016-06-21 07:09:31','','<p><img src=\"/opentrip/Public/Uploads/desc/2016-06/21/14664929552868.jpg\" alt=\"14664929552868.jpg\" /></p><p><img src=\"/opentrip/Public/Uploads/desc/2016-06/21/14664929589320.jpg\" alt=\"14664929589320.jpg\" /></p><p><img src=\"/opentrip/Public/Uploads/desc/2016-06/21/1466492959526.jpg\" alt=\"1466492959526.jpg\" /></p><p><img src=\"/opentrip/Public/Uploads/desc/2016-06/21/1466492961613.jpg\" alt=\"1466492961613.jpg\" /></p><p><br /></p>','<p>请输入费用说明。</p>','<p><strong>【预订确认】</strong><br />本产品预订后需要二次确认。<br /><strong>【携带证件】</strong><br />请携带护照或其他有效身份证件参加本行程。<br /><strong>【特别提示】</strong><br />1.根据客人实际需求，线路、住宿、交通、报价等具体信息将通过邮件发送至客人邮箱进行二次确认。<br />2.本产品以客人最终全额付款作为二次确认。<br /><strong>【不可转让】</strong><br />本产品一旦购买不能转让<br /><strong>【迟到、未参加】</strong><br />个人原因迟到或未参加行程，不予负责且不退款。<br /></p>','<p>本产品预订后，经二次确认后取消或修改订单将不予退款。</p>','<p>欢迎发送邮件至opentrip@qq.com垂询详情或定制欧洲当地其他线路行程，我们的客服人员将尽快与您联系。</p>','no','【红酒】','【深度游】','【主题游】','yes','普通话','欧洲','法国','巴黎','巴黎','第戎 波尔多','巴黎','','','','','','','','十天九晚','','入台证','',NULL,NULL,NULL,NULL,NULL,NULL,NULL,NULL,NULL,NULL,NULL,NULL,NULL,NULL,NULL,NULL,NULL,NULL,NULL),(7,13,1,'KZUT-001','哈萨克斯阿拉木图坦狩猎（5天4晚）',0,0,'2016-06/21/57692788006b7.jpg','2016-06/21/576925a8e8a7e.png','2016-06/21/576925a903d69.jpg','2016-06/21/576925a910822.jpg','2016-06/21/576925a91c7d2.JPG','2016-06/21/576925a923b35.png','yes','yes','2016-06-21 11:31:53','<p>猎场狩猎，超霸气的狙击步枪一切都是那么原始和野生，我们可以看到和动物世界里一样场面--成群的马鹿，长牙的麝香，野鸭，兔子等等亲密接触！那里有天然的野生动物和美丽的自然风光。有野猪，马鹿，羚羊，狍子（象鹿，但体型略小），也有小型动物，如野兔，山鸡，野鸭，，沙伴鸡等。可以任意挑选使用你喜欢的自动狙击步枪， 领略几百米外射杀动物的亲身感受，那么，快来报名吧！这里会让你尽显真男人的风采!左边那把射程2000米，可穿过一棵直径一米多的大树，瞬间秒杀</p><p><img src=\"/opentrip/Public/Uploads/desc/2016-06/21/14665089223505.png\" alt=\"14665089223505.png\" /></p><p><img src=\"/opentrip/Public/Uploads/desc/2016-06/21/14665089234144.jpg\" alt=\"14665089234144.jpg\" /></p><p><img src=\"/opentrip/Public/Uploads/desc/2016-06/21/14665089282493.jpg\" alt=\"14665089282493.jpg\" /></p><p><img src=\"/opentrip/Public/Uploads/desc/2016-06/21/14665089309220.png\" alt=\"14665089309220.png\" /></p><p><br /></p>','<p>第一天：乌鲁木齐--阿拉木图<br />\r\n       乌鲁木齐国际机场乘国际航班飞赴哈萨克斯坦最大的城市--阿拉木图。<br />\r\n       抵达阿拉木图，安排接机，驱车前往住宿酒店，办理入住手续，休息调整。<br />住宿：酒店<br />餐饮：晚餐（酒店晚餐）  <br /><br />第二天：<br />\r\n       阿拉木图～巴卡纳斯猎场培训基地 130公里<br />\r\n       餐后乘专车前往猎场培训基地，离市区130多公里，<br />\r\n       有两名专业的猎手教您如何使用枪支，入门联系射击瓶子和麻雀，初步学习熟悉枪支后。<br />\r\n       枪支正确使用知识，防止自己伤到自己或者他人。<br />\r\n       驾车行驶到达巴卡纳斯猎场，由猎手陪您熟悉猎场环境。同时欣赏风景，自然摄影。<br />\r\n       晚餐后，保证充足的休息，养精蓄锐，迎接第二天的愉快狩猎之旅。<br />•	  餐饮：早（酒店）、中（哈萨克特色餐）、晚餐（自助烧烤） <br />住宿：巴卡纳斯培训基地<br /></p><p><img src=\"/opentrip/Public/Uploads/desc/2016-06/21/14665089824739.png\" alt=\"14665089824739.png\" /></p><p><img src=\"/opentrip/Public/Uploads/desc/2016-06/21/14665089831790.png\" alt=\"14665089831790.png\" /></p><p><img src=\"/opentrip/Public/Uploads/desc/2016-06/21/14665089856452.png\" alt=\"14665089856452.png\" /></p><p><br /><br />第三天：<br />\r\n     巴卡纳斯培训基地 ---巴卡纳斯猎场 路程约170公<br />•	8点在猎户家中用早餐， 早餐后徒步进入猎场，与原始森林近距离接触，徒步大约10公里。全程由两名猎手陪同，两条猎狗为您引路。午饭后休息大约一个小时， 下午的驾车深入猎场，寻找大型猎物。傍晚狩猎结束，驾车回营地。<br />•	餐饮：早（猎户家）、中（特色餐）、晚餐（营地加工猎物）<br /> 住宿：标准宿营<br /></p><p><img src=\"/opentrip/Public/Uploads/desc/2016-06/21/14665090218847.png\" alt=\"14665090218847.png\" /></p><p><img src=\"/opentrip/Public/Uploads/desc/2016-06/21/14665090239781.jpg\" alt=\"14665090239781.jpg\" /></p><p><img src=\"/opentrip/Public/Uploads/desc/2016-06/21/14665090254572.jpg\" alt=\"14665090254572.jpg\" /></p><p><img src=\"/opentrip/Public/Uploads/desc/2016-06/21/1466509033313.png\" alt=\"1466509033313.png\" /></p><p><img src=\"/opentrip/Public/Uploads/desc/2016-06/21/14665090357830.png\" alt=\"14665090357830.png\" /></p><p><br /><br />第四天：<br />睡到自然醒，在营地享用精心准备的营养早餐，然后由猎手带您选择新的路线进入森林。由于前一天的学习和练习，今天会带给您前所未有的狩猎体验。在原始森林享用自带午餐，狩猎结束后回营地休息，晚餐由猎场提供野味，并且免费加工您的战利品。<br />住宿：宿营地<br /></p><p><img src=\"/opentrip/Public/Uploads/desc/2016-06/21/14665090894570.jpg\" alt=\"14665090894570.jpg\" /></p><p><img src=\"/opentrip/Public/Uploads/desc/2016-06/21/14665090929678.png\" alt=\"14665090929678.png\" /></p><p><img src=\"/opentrip/Public/Uploads/desc/2016-06/21/14665090967514.jpg\" alt=\"14665090967514.jpg\" /></p><p><img src=\"/opentrip/Public/Uploads/desc/2016-06/21/1466509098857.png\" alt=\"1466509098857.png\" /></p><p><img src=\"/opentrip/Public/Uploads/desc/2016-06/21/146650910143.png\" alt=\"146650910143.png\" /></p><p><img src=\"/opentrip/Public/Uploads/desc/2016-06/21/14665091049296.jpg\" alt=\"14665091049296.jpg\" /></p><p><img src=\"/opentrip/Public/Uploads/desc/2016-06/21/14665091076492.jpg\" alt=\"14665091076492.jpg\" /></p><p><img src=\"/opentrip/Public/Uploads/desc/2016-06/21/14665091137613.png\" alt=\"14665091137613.png\" /></p><p><img src=\"/opentrip/Public/Uploads/desc/2016-06/21/14665091162136.png\" alt=\"14665091162136.png\" /></p><p>第五天：巴卡纳斯猎场---阿拉木图<br />•	根据情况入住酒店休息或者城市游览，<br />•	餐饮：早（营地餐）、中（特色餐餐）、晚餐（俄餐）  <br /> •	下午：<br />•	→【独立广场】广场中心著名的独立纪念碑，象征着哈萨克土地上的坚强的国家政权。<br />•	→【前总统府】阿拉木图总统府就坐落在雪山脚下，这后花园里的喷泉可以让我们自由的欣赏<br />•	→【国家博物馆】分别展示着博物馆典藏的19-20世纪各种勋章、该国特有动物标本和卫国战争期间使用的武器。<br />\r\n\r\n     晚餐后：<br />\r\n      餐后欣赏阿拉木图特色风情舞表演。或者选择俄桑拿浴。<br />\r\n      住宿：洲际酒店<br /><img src=\"/opentrip/Public/Uploads/desc/2016-06/21/1466509151613.png\" alt=\"1466509151613.png\" /></p><p align=\"center\">独立广场， 前总统府</p><p><img src=\"/opentrip/Public/Uploads/desc/2016-06/21/1466509159685.jpg\" alt=\"1466509159685.jpg\" /></p><p align=\"center\">国家博物馆</p><p><br />第六天<br />•	早上12点退房后，去当地餐厅<br />•	午餐后：<br />•	→【麦迪奥风景区】这里的雪山森林，以及交错相的别墅群，让您尽享自然风情。<br /></p><p><img src=\"/opentrip/Public/Uploads/desc/2016-06/21/14665091802788.jpg\" alt=\"14665091802788.jpg\" /></p><p><img src=\"/opentrip/Public/Uploads/desc/2016-06/21/14665091821788.jpg\" alt=\"14665091821788.jpg\" /></p><p align=\"center\">麦迪奥雪山</p><p>餐饮：早（营地餐）、中（特色餐餐）、晚餐（中餐）<br />\r\n\r\n  晚餐后乘飞机回国<br />•	为离开阿拉木图的旅客安排送机,有兴趣逗留的团员可自行安排其他行程。 <br /></p>','<p><strong>费用包含</strong><br /></p><ul><li>当地五星级酒店标准间+齐全的营地双人帐篷（甚至包含卫生间和盥洗设备）<br /></li><li>单人间及单人帐篷需另加费用；<br /></li><li>全程中高档特色哈萨克餐，俄罗斯餐<br /></li><li>自助烧烤<br /></li><li>经验丰富的普通话解说，资深野生动物专家的讲解；<br /></li><li>全程丰田霸道或以上级别越野车，3 人/辆，保障舒适安全；<br /></li><li>猎场（门票），司导费用；<br /></li><li>旅游保险。<br /></li></ul><p><br /><strong>不含项目</strong></p><ul><li><p>出发地往返阿拉木图的交通，根据客人的喜好自行安排;<br /></p></li><li><p>全程酒水类和其它个人性质的支出;<br /></p></li><li><p>因个人原因改变行程所产生的相关费用。<br /></p></li></ul>','<p><strong>【预订确认】</strong><br />本产品预订后需要二次确认。<br /><strong>【携带证件】</strong><br />请携带护照或其他有效身份证件参加本行程。<br /><strong>【特别提示】</strong><br />1.本产品至少满两人出发<br />2.根据客人实际需求，线路、住宿、交通、报价等具体信息将通过邮件发送至客人邮箱进行二次确认。<br />3.本产品以客人最终全额付款作为二次确认。<br /><strong>【不可转让】</strong><br />本产品一旦购买不能转让<br /><strong>【迟到、未参加】</strong><br />因个人原因迟到或未参加行程，不予负责且不退款。<br /></p>','<p>本产品预订后，经二次确认后取消或修改订单将不予退款。</p>','<p>欢迎发送邮件至opentrip@qq.com垂询或了解更多俄语国家的行程线路，我们的客服人员将尽快与您联系。</p>','no','【奢华】','【自然】','【探险】','yes','普通话','亚洲','哈萨克斯坦','阿拉木图','阿拉木图','','巴卡纳斯猎场','','','','','','2016年一年四季，每个季节的动物不同','','5天4晚','','入台证','',NULL,NULL,NULL,NULL,NULL,NULL,NULL,NULL,NULL,NULL,NULL,NULL,NULL,NULL,NULL,NULL,NULL,NULL,NULL),(8,13,1,'','西藏羌塘本色之旅（10天9晚）',78200,89,'2016-06/21/5768f7bf7ae0b.jpg','2016-06/21/5768f86266613.jpg','2016-06/21/5768f862757ed.jpg','2016-06/21/5768f86282e24.jpg','2016-06/21/5768f8629068d.jpg','2016-06/21/5768f8629dd0d.jpg','yes','yes','2016-06-21 08:05:39','<p>西藏被大多数人视为天堂，不仅源于她美得令人窒息的自然景观，更源于她基于信仰的淳朴文化和遥不可及的神秘。而藏北羌塘，在藏语里是“北部的空地”，也指“藏北无人区”，海拔4000米以上，作为中国四大无人区之一，更是天堂中的天堂，被人称作“世界屋脊的屋脊”。</p><p>羌塘本色之旅基于国际野生生物保护学会（Wildlife Conservation Society，WCS）在羌塘30 年的保护工作，是为推动解决保护与当地牧民发展的矛盾而生的生态行程。WCS 是现今唯一在西藏就野生动物保护与政府有深度合作的国际组织，本行程所有进入的关键保护区域都有相关政府批准，其他任何一家旅游机构都无法做到合法进入这些区域。为了避免足迹过多的惊扰到野生动物，确保羌塘一直都是我们深爱着的最野性的荒原，保护区与WCS 达成一致，每年仅限定90 人随同WCS 专家进入羌塘核心的保护区域，也是野生动物大量集中震撼的区域，所以每一次的羌塘之旅， 必定是真正的一生之旅。</p><p>本行程由拥有20 年藏地外籍游客高端户外旅行服务经验的西藏最顶尖的野外后勤服务团队提供安全保障：羌塘2 万公里以上里程的专业领队和科学顾问；顶级越野车队及后勤补给车随行； 当地保护部门和政府全程监控、快速救援反应；专业医务人员全程陪同；拉萨备用应急救援车辆；专业、顶级的野外宿营装备；专业厨师、丰盛营养的配餐；专业摄影师全程跟进。每一天的探索旅程，从清晨递到帐前的温热洗脸水和拉开帐篷的第一杯热咖啡开始，甚至可以在营地洗上热水澡。</p><p><img src=\"/opentrip/Public/Uploads/desc/2016-06/21/14665064724611.jpg\" alt=\"14665064724611.jpg\" /></p><p><img src=\"/opentrip/Public/Uploads/desc/2016-06/21/14665064756825.jpg\" alt=\"14665064756825.jpg\" /></p><p><img src=\"/opentrip/Public/Uploads/desc/2016-06/21/14665064786059.jpg\" alt=\"14665064786059.jpg\" /></p><p>我们的旅行最重要的目的就是为了实现羌塘更有效的保护。扶持羌塘牧民成为专业后勤服务团队，以生态旅游作为替代生计，缓和牧民对自然的过度依赖，比如减少盗猎，改变单一的粗放型牧业模式，降低草原压力，缓解牧民与野生动物的矛盾。同时，提升社区牧民参与保护的积极性和自豪感，对自己家乡土地的热爱和尊重，从而更积极的参与保护。</p><p>另一方面，我们特别期望引导一种健康的野外出行方式，避免对自然的破坏和对野生动物的过度惊扰，以最专业的态度欣赏自然的同时，尊重自然、尊重当地。您同时通过参与旅程中的科学数据采集，为科学家的工作提供参考。</p><p>更重要的是，我们的部分收入将直接返还给保护区的保护与牧民发展项目，您的参与本身就已经是在贡献羌塘的保护。</p>','<p>第一天：抵达拉萨，入住酒店<br />•	今天是大家到达拉萨集合的第一天。今天我们将办理入住酒店的程序，顺便也让大家的身体适应一下高原的气候。<br />•	接机/接站，协助办理入住，初入高原的适应性辅导等<br />•	队员相互认识<br />•	介绍团队<br />•	餐饮：晚餐（酒店晚餐） <br />住宿：香格里拉酒店<br /><img src=\"/opentrip/Public/Uploads/desc/2016-06/21/14665068601126.jpg\" alt=\"14665068601126.jpg\" />第二天：在拉萨进行高原适应以及相应的简短培训<br />•	高原生活常识培训;<br />•	野外探险知识培训;<br />•	藏区行为规范培训;<br />•	羌塘及其野生动物简介、野生动物识别培训;<br />•	野外观察、测量、记录培训；<br />•	自然摄影培训；<br />•	下午进行一次身体及心理状况评估，以确保能参与整个行程。<br />•	餐饮：早（酒店带）、中（拉萨特色餐）、晚餐（拉萨特色餐）<br /> 住宿：香格里拉酒店  <br /><img src=\"/opentrip/Public/Uploads/desc/2016-06/21/1466506879196.jpg\" alt=\"1466506879196.jpg\" />第三天：从拉萨前往日喀则<br />•	西藏三大圣湖之一的羊卓雍错，是西藏色彩最丰富和最温婉柔美的湖<br />•	西藏三大大陆型冰川之一的卡若拉冰川<br />•	西藏第二大城市、后藏的中心日喀则<br />•	餐饮：早（酒店带）、中（浪卡子特色餐）、晚餐（日喀则特色餐）<br /> 住宿：标准五星级酒店<br /></p><p><img src=\"/opentrip/Public/Uploads/desc/2016-06/21/14665069001184.jpg\" alt=\"14665069001184.jpg\" /></p><p><img src=\"/opentrip/Public/Uploads/desc/2016-06/21/14665069034329.jpg\" alt=\"14665069034329.jpg\" /></p><p><br />第四天：日喀则-南木林<br />•	历代班禅驻锡之地、格鲁派六大寺庙之一扎什伦布寺<br />野外科考适应性训练<br />•	野生动物观察和记录训练；<br />•	营地搭建学习；<br />•	野外生活技能培训。 <br />住宿：南木林宿营地<br /><img src=\"/opentrip/Public/Uploads/desc/2016-06/21/14665069553210.jpg\" alt=\"14665069553210.jpg\" />第五天：羌塘生活:木地达拉玉错，越恰错，申扎杰岗日山脉，主峰甲岗峰（神山）  <br />•	正式科学探索第一天，了解科学研究的基本方法，以车分组记录野生动物、测 量草地样方、测量水质； 晚上与当地牧民零距离接触，篝火联欢。<br />•	餐饮：早（营地餐）、中（野餐）、晚餐（营地餐）   <br />住宿：越恰错宿营地<br /><img src=\"/opentrip/Public/Uploads/desc/2016-06/21/14665069795449.jpg\" alt=\"14665069795449.jpg\" /></p><p align=\"center\">美丽的申扎杰刚日与越恰错雪山</p><p><img src=\"/opentrip/Public/Uploads/desc/2016-06/21/14665069889352.jpg\" alt=\"14665069889352.jpg\" /></p><p align=\"center\">申扎错鄂</p><p><img src=\"/opentrip/Public/Uploads/desc/2016-06/21/14665069977736.jpg\" alt=\"14665069977736.jpg\" /></p><p align=\"center\">申扎县野外培训甲岗雪上风景</p><p><img src=\"/opentrip/Public/Uploads/desc/2016-06/21/14665070035196.jpg\" alt=\"14665070035196.jpg\" /></p><p align=\"center\">牦牛帐篷中的藏族老阿妈</p><p><br />第六天：自然“零”距离<br />•	零距离接触基层野生动物保护工作者，感受其艰辛、危险与快乐<br />。\r\n•	在野生动物专家的引领下，深入藏羚羊南部种群的最大聚集地，近距离欣赏它们优美的身影。<br />  •	与野生动物专家一起进入黑颈鹤主要的夏季繁殖地， 使用施华洛世奇专业观测设备，观察这种美丽的鸟类在纯粹自然环境下的生活， 并在摄影师的指导下进行望远摄影。<br />•	色林错国家级自然保护区核心地带是不对外开放的，因为过多的旅行者和他们带来的痕迹将对这里野生动物（藏羚羊、黑颈鹤等）与环境造成危害，私自闯入是违法行为。<br />•	餐饮：早（营地餐）、中（野餐）、晚餐（营地餐）  <br />住宿：木纠错宿营地营地<br /><img src=\"/opentrip/Public/Uploads/desc/2016-06/21/146650701057.jpg\" alt=\"146650701057.jpg\" /></p><p align=\"center\">羌塘的标志性物种——藏羚羊</p><p><img src=\"/opentrip/Public/Uploads/desc/2016-06/21/14665070187266.jpg\" alt=\"14665070187266.jpg\" /></p><p align=\"center\">羌塘标志性鸟类——黑颈鹤，世界上已知15种鹤类中惟一存于高原的鹤</p><p><br />第七天：科学考察<br />•	在错鄂鸟岛欣赏群鸟满天的景象， 并用望远摄影无数水鸟映衬在雪山湖泊下<br />•	水鸟识别和记录<br />•	餐饮：早（营地餐）、中（野餐）、晚餐（营地餐）  <br />住宿：错鄂宿营地</p><p><img src=\"/opentrip/Public/Uploads/desc/2016-06/21/14665070423467.jpg\" alt=\"14665070423467.jpg\" /></p><p align=\"center\">色林错</p><p><img src=\"/opentrip/Public/Uploads/desc/2016-06/21/1466507050522.jpg\" alt=\"1466507050522.jpg\" /></p><p align=\"center\">色林错及藏羚羊群</p><p><img src=\"/opentrip/Public/Uploads/desc/2016-06/21/14665070578708.jpg\" alt=\"14665070578708.jpg\" /></p><p align=\"center\">木纠湿地夕阳</p><p><img src=\"/opentrip/Public/Uploads/desc/2016-06/21/14665070665863.jpg\" alt=\"14665070665863.jpg\" /></p><p align=\"center\">错鄂鸟岛</p><p><br />第八天：科学考察<br />•	藏羚羊集中地<br />•	色林错—西藏第一大湖班戈错—高盐度湖<br />•	整理数据 <br />•	餐饮：早（营地餐）、中（野餐）、晚餐（营地餐） <br /> 住宿：班戈宿营地<br /></p><p><img src=\"/opentrip/Public/Uploads/desc/2016-06/21/14665070853710.jpg\" alt=\"14665070853710.jpg\" /></p><p><img src=\"/opentrip/Public/Uploads/desc/2016-06/21/14665070877625.jpg\" alt=\"14665070877625.jpg\" /></p><p><img src=\"/opentrip/Public/Uploads/desc/2016-06/21/14665070881090.jpg\" alt=\"14665070881090.jpg\" /></p><p align=\"center\">班戈错</p><p><br />第九天：班戈宿营地-纳木错-拉萨 <br />•	游览纳木错（三大圣湖之一）、西藏第二大湖（原第一大湖） <br />•	旅行总结<br />•	分享<br />•	颁发科考志愿者证书<br />•	餐饮：早（营地餐）、中（当地特色餐）、晚餐（拉萨特色餐） <br />住宿：标准五星酒店<br /><img src=\"/opentrip/Public/Uploads/desc/2016-06/21/14665071031081.jpg\" alt=\"14665071031081.jpg\" />第十天：抵达拉萨，入住酒店<br />•	为离开拉萨的旅客安排送机,有兴趣逗留的团员可自行安排其他行程。 <br />住宿：家<br /></p><p></p>','<p><strong>费用包含</strong></p><ul><li><p>当地五星级酒店标准间+齐全的营地双人帐篷（甚至包含卫生间和盥洗设备）<br /></p></li><li><p>单人间及单人帐篷需另加费用<br /></p></li><li><p>全程中高档特色藏餐/拉萨特色餐厅，专业厨师提供多种口味菜肴<br /></p></li><li><p>经验丰富的普通话解说，资深野生动物专家的讲解<br /></p></li><li><p>全程丰田霸道或以上级别越野车，3 人/辆，保障舒适安全<br /></p></li><li><p>随队医生，氧气、紧急医疗等<br /></p></li><li><p>保护区管理费（门票），司导费用<br /></p></li><li><p>旅游保险<br /></p></li></ul><p><strong>不含项目</strong></p><p></p><ul><li>出发地往返拉萨的交通，根据客人的喜好自行安排<br /></li><li>全程酒水类和其它个人性质的支出<br /></li><li>因个人原因改变行程所产生的相关费用<br /></li></ul><p><br /></p>','<p><strong>【预订确认】</strong><br />本产品预订后需要二次确认<br /><strong>【携带证件】</strong><br />请携带身份证、护照或其他有效身份证件参加本行程<br /><strong>【特别提示】</strong><br />1．每队12人-15人，至少满12人出发；<br />2. 散客拼团指报名客人需加入其他团队，到达12人方可出行。<br />3. 独立成团指报名客人可自行成团，开始游玩行程。<br /><strong>【不可转让】</strong><br />本产品一旦购买不能转让<br /><strong>【迟到、未参加】</strong><br />因个人原因迟到或未参加行程，不予负责且不退款<br /></p>','<p>本产品预订后，经二次确认后取消或修改订单将不予退款。</p>','<p>欢迎发送邮件至opentrip@qq.com垂询，我们的客服人员将尽快与您联系。</p>','no','【奢华】','【自然】','【探险】','yes','','亚洲','中国','西藏','','','','','','','','','','','10天9晚','','入台证','',NULL,NULL,NULL,NULL,NULL,NULL,NULL,NULL,NULL,NULL,NULL,NULL,NULL,NULL,NULL,NULL,NULL,NULL,NULL),(9,13,1,'JPNMED001','日本医疗旅游',899,90,'2016-06/22/576a68dfdd39d.jpg','2016-06/22/576a68e002099.jpg','2016-06/22/576a68e00becb.jpg','2016-06/22/576a68e02b4f1.jpg','2016-06/22/576a691916b07.jpg','2016-06/22/576a68e035d3f.jpg','yes','yes','2016-06-22 10:30:56','','<p><img src=\"/opentrip/Public/Uploads/desc/2016-06/22/14665915599202.jpg\" alt=\"14665915599202.jpg\" /></p><p><img src=\"/opentrip/Public/Uploads/desc/2016-06/22/14665915619372.jpg\" alt=\"14665915619372.jpg\" /></p><p><img src=\"/opentrip/Public/Uploads/desc/2016-06/22/14665915632119.jpg\" alt=\"14665915632119.jpg\" /></p><p><img src=\"/opentrip/Public/Uploads/desc/2016-06/22/14665915641373.jpg\" alt=\"14665915641373.jpg\" /></p><p><img src=\"/opentrip/Public/Uploads/desc/2016-06/22/14665915663078.jpg\" alt=\"14665915663078.jpg\" /></p><p><img src=\"/opentrip/Public/Uploads/desc/2016-06/22/14665915692452.jpg\" alt=\"14665915692452.jpg\" /></p><p><img src=\"/opentrip/Public/Uploads/desc/2016-06/22/14665915735946.jpg\" alt=\"14665915735946.jpg\" /></p><p><br /></p>','','<p>【预订确认】本产品预订后，我们会根据客户的具体需求定制个性化方案后与客户进行二次确认。<br /></p><p>【携带证件】请携带护照或其他有效身份证件参加本行程。</p><p>【特别提示】</p><p>1．根据客人实际需求，线路、住宿、交通、报价等具体信息将通过邮件发送至客人邮箱进行二次确认。</p><p>2．本产品以客人最终全额付款作为二次确认。</p><p>【不可转让】本产品一旦购买不能转让。</p><p>【迟到、未参加】因个人原因迟到或未参加行程，不予负责且不退款。</p><p><br /></p><p><br /></p>','<p>本产品预订后，经二次确认后取消或修改订单将不予退款。</p>','<p>欢迎发送邮件至opentrip@qq.com垂询详情或定制当地其他线路行程，我们的客服人员将尽快与您联系。</p>','no','精准','奢华','领略','yes','中文 英语','亚洲','日本','东京','','','','医疗旅游','','','','','','','','','入台证','',NULL,NULL,NULL,NULL,NULL,NULL,NULL,NULL,NULL,NULL,NULL,NULL,NULL,NULL,NULL,NULL,NULL,NULL,NULL),(10,11,1,'SWISSEXTREME001','瑞士极限运动精华之旅8天7晚',899,90,'2016-06/22/576a6b50a93c2.jpg','2016-06/22/576a6b50bdbd8.jpg','2016-06/22/576a6b50c14d7.jpg','2016-06/22/576a6b50c5481.jpg','2016-06/22/576a6b50c9004.jpg','2016-06/22/576a6b50cf1d9.jpg','yes','yes','2016-06-22 10:41:20','<p><strong><span style=\"font-size:21px;font-family:\'华文新魏\';color:#00B050;\">瑞士印象：</span></strong></p><p><span style=\"font-family:\'微软雅黑\', sans-serif;color:rgb(51,51,51);\">当汽车沿着广袤的公路一路前行，寻着蜿蜒山脉与静谧湖泊的踪迹，我才意识到自己终于来到了这里，沿途的万水千山，仿佛只为装点你我这场相遇。<span>Fairy Switzerland</span>，含笑致意，帷幕刚启。我特别喜欢那些充满人文气息的同时与自然和谐共存的精致小镇，显然瑞士的很多地方都是不错的选择，因特拉肯就是其中非常有代表性的一个。走在小镇中心的何维克街（<span>Hoheweg</span>）上，能发现各色各样的旅店，钟表行，巧克力商铺，与街平行的是一块广阔的绿草坪，草坪对面就是阿尔卑斯山，抬头就能看见雪山。之所以这么说，精致窗台只是镇上居民精致生活的一小部分，是因为除了这些，你还能看到天空中自由滑翔，畅快呼喊的户外运动发烧友，以及缓慢行驶在街边的仿中世纪马车……</span><span style=\"font-family:\'微软雅黑\', \'sans-serif\';color:#333333;\"><br /><br /></span></p><p><strong><span style=\"font-size:21px;font-family:\'华文新魏\';color:#00B050;\">瑞士极限运动推荐：</span></strong></p><p style=\"margin-left:28px;\"><span style=\"font-size:19px;font-family:Wingdings;color:#00B050;\">l<span style=\"font-size:9px;font-family:\'Times New Roman\';\">  </span></span><strong><span style=\"font-size:19px;font-family:\'华文新魏\';color:#00B050;\">威扎斯卡大坝：</span></strong><span style=\"font-family:\'微软雅黑\', sans-serif;color:rgb(51,51,51);\">据全球调查显示，这里是电影史上最好的特技拍摄点：在电影《黄金眼》中，詹姆士邦德从<span>220</span>米高的韦尔扎斯卡<span>(Verzasca)</span>大坝上纵身跳下。因此，在<span>Lago di Vogorno</span>湖的这项令人兴奋的极限运动也叫做<span>007</span>跳或黄金眼蹦极跳。</span><strong></strong></p><p style=\"margin-left:28px;\"><span style=\"font-size:19px;font-family:Wingdings;color:#00B050;\">l<span style=\"font-size:9px;font-family:\'Times New Roman\';\">  </span></span><strong><span style=\"font-size:19px;font-family:\'华文新魏\';color:#00B050;\">滑翔伞：</span></strong><span style=\"font-family:\'微软雅黑\', sans-serif;color:rgb(51,51,51);\">因特拉肯正在成为最棒的娱乐和探险运动之地。对于滑翔伞运动迷来说，因特拉肯早就以其众多的空中飞翔机会和几乎全年都良好的飞行条件而闻名。在阿尔卑斯环游途中，您可以站在阿尔卑斯山高海拔地区将山地全景尽收眼底，或者在悬挂式滑翔或者乘坐滑翔伞的旅行中更近距离地观赏景色，或者进行一次跳伞，绝对让您倍感刺激。</span></p><p style=\"margin-left:28px;\"><span style=\"font-size:19px;font-family:Wingdings;color:#00B050;\">l<span style=\"font-size:9px;font-family:\'Times New Roman\';\">  </span></span><strong><span style=\"font-size:19px;font-family:\'华文新魏\';color:#00B050;\">因特拉肯漂流：</span></strong><span style=\"font-family:\'微软雅黑\', sans-serif;color:rgb(51,51,51);\">瑞士最好的漂流旅行之一。这里有湍急汹涌的河水，有整个瑞士漂流观光景点中最美的终点站。不需要有漂流经验便可体验该项目。<span>Lütschin</span>是瑞士所有可供漂流的河流中最为有趣的河之一。发源于瑞士著名的山脉：艾格峰，僧侣峰和少女峰，<span>Lütschine</span>将这些山峰的冰川融水直接输送到因特拉肯，汇入布里恩茨湖。一条位于雄伟山峰和静谧湖泊背景之中的高山河流。</span></p><p style=\"margin-left:28px;\"><span style=\"font-size:19px;font-family:Wingdings;color:#00B050;\">l<span style=\"font-size:9px;font-family:\'Times New Roman\';\">  </span></span><strong><span style=\"font-size:19px;font-family:\'华文新魏\';color:#00B050;\">峡谷跳：</span></strong><span style=\"font-family:\'微软雅黑\', sans-serif;color:rgb(51,51,51);\">站在悬崖的边缘，克服恐惧跳入<span>85</span>米深的峡谷中。绳索使自由落体在河水的上方停住， 在越格林德瓦处的冰山峡谷之间做多次快速摇摆动作。</span></p><p style=\"margin-left:28px;\"><span style=\"font-size:19px;font-family:Wingdings;color:#00B050;\">l<span style=\"font-size:9px;font-family:\'Times New Roman\';\">  </span></span><strong><span style=\"font-size:19px;font-family:\'华文新魏\';color:#00B050;\">徒步：</span></strong><span style=\"font-family:\'微软雅黑\', sans-serif;color:rgb(51,51,51);\">瑞士的美属于阿尔卑斯崇山峻岭中的绿草､碧湖､雪山<span>...... </span>如何才能体验到瑞士的本色之美？不妨将自己投入到瑞士阿尔卑斯的青山绿水之中，进行一次瑞士徒步之旅，将自己彻底放归大自然，才能有所领略。</span></p><p style=\"margin-left:28px;\"><span style=\"font-size:19px;font-family:Wingdings;color:#00B050;\">l<span style=\"font-size:9px;font-family:\'Times New Roman\';\">  </span></span><strong><span style=\"font-size:19px;font-family:\'华文新魏\';color:#00B050;\">直升飞机：</span></strong><span style=\"font-family:\'微软雅黑\', sans-serif;color:rgb(51,51,51);\">直升机旅行，在国外早已成熟运营多年。直升机空中活动范围大，从低空数十米到中高空三四千米均是理想的飞行空间。直升机观光，视野从通常的平面转为立体中来，其飞行速度也较固定翼飞机低更适合观光。</span></p><p style=\"margin-left:28px;\"><span style=\"font-size:19px;font-family:Wingdings;color:#00B050;\">l<span style=\"font-size:9px;font-family:\'Times New Roman\';\">  </span></span><strong><span style=\"font-size:19px;font-family:\'华文新魏\';color:#00B050;\">代堡热气球：</span></strong><span style=\"font-family:\'微软雅黑\', sans-serif;color:rgb(51,51,51);\">这里是热气球的大本营。热气球之旅至少要持续<span>1</span>个小时，而与此相关的各种有趣的准备工作需要<span>3</span>—<span>4</span>个小时。从着陆位置中转回到代堡的费用包括在总价格中，您在代堡还可以去参观“<span>Espace</span>热气球”展览。每一位热气球乘客都将获得一份证书。</span></p><p style=\"margin-left:28px;\"><span style=\"font-size:19px;font-family:Wingdings;color:#00B050;\">l<span style=\"font-size:9px;font-family:\'Times New Roman\';\">  </span></span><strong><span style=\"font-size:19px;font-family:\'华文新魏\';color:#00B050;\">Lavey-les-Bains</span></strong><strong><span style=\"font-size:19px;font-family:\'华文新魏\';color:#00B050;\">温泉：</span></strong><span style=\"font-family:\'微软雅黑\', sans-serif;color:rgb(51,51,51);\">拉韦拥有瑞士温度最高的温泉之一，泉眼中涌出的温水温度高达<span>69</span>°<span>C</span>。沐浴者可以尽享拉韦温泉浴场矿泉水带来的健康疗效。</span></p><p style=\"margin-left:28px;\"><span style=\"font-family:\'微软雅黑\', sans-serif;color:rgb(51,51,51);\"><br /></span></p><p style=\"margin-left:28px;\"><span style=\"font-family:\'微软雅黑\', sans-serif;color:rgb(51,51,51);\"></span></p><p><strong><span style=\"font-size:19px;font-family:\'微软雅黑\', \'sans-serif\';\">极限运动报价表：</span></strong></p><p><strong><span style=\"font-family:\'微软雅黑\', \'sans-serif\';color:#FF0000;\">(</span></strong><strong><span style=\"font-family:\'微软雅黑\', \'sans-serif\';color:#FF0000;\">以下价格仅供参考，具体以实际价格为准<span>)</span></span></strong><strong></strong></p><p><span style=\"font-size:12px;font-family:\'宋体\';\"> </span></p><table border=\"1\" cellspacing=\"0\" cellpadding=\"0\" style=\"border:none;\"><tbody><tr><td width=\"134\" valign=\"top\" style=\"width:134px;border-width:1px;border-color:#000000;padding:0 7px;\"><p><strong><span style=\"font-size:12px;font-family:\'宋体\';\">项目名称</span></strong></p></td><td width=\"139\" valign=\"top\" style=\"width:139px;border-top-width:1px;border-right-width:1px;border-bottom-width:1px;border-top-color:#000000;border-right-color:#000000;border-bottom-color:#000000;border-left-style:none;padding:0 7px;\"><p><strong><span style=\"font-size:12px;font-family:\'宋体\';\">价格</span></strong></p></td><td width=\"158\" valign=\"top\" style=\"width:158px;border-top-width:1px;border-right-width:1px;border-bottom-width:1px;border-top-color:#000000;border-right-color:#000000;border-bottom-color:#000000;border-left-style:none;padding:0 7px;\"><p><strong><span style=\"font-size:12px;font-family:\'宋体\';\">说明</span></strong></p></td><td width=\"137\" valign=\"top\" style=\"width:137px;border-top-width:1px;border-right-width:1px;border-bottom-width:1px;border-top-color:#000000;border-right-color:#000000;border-bottom-color:#000000;border-left-style:none;padding:0 7px;\"><p><strong><span style=\"font-size:12px;font-family:\'宋体\';\">备注</span></strong></p></td></tr><tr><td width=\"134\" valign=\"top\" style=\"width:134px;border-right-width:1px;border-bottom-width:1px;border-left-width:1px;border-right-color:#000000;border-bottom-color:#000000;border-left-color:#000000;border-top-style:none;padding:0 7px;\"><p><span style=\"font-size:12px;font-family:\'宋体\';\">威扎斯卡大坝蹦极</span></p></td><td width=\"139\" valign=\"top\" style=\"width:139px;border-top-style:none;border-left-style:none;border-bottom-width:1px;border-bottom-color:#000000;border-right-width:1px;border-right-color:#000000;padding:0 7px;\"><p><span style=\"font-size:12px;font-family:\'宋体\';\">60</span><span style=\"font-size:12px;font-family:\'宋体\';\">欧元<span>/</span>人</span></p></td><td width=\"158\" valign=\"top\" style=\"width:158px;border-top-style:none;border-left-style:none;border-bottom-width:1px;border-bottom-color:#000000;border-right-width:1px;border-right-color:#000000;padding:0 7px;\"><p><span style=\"font-size:12px;font-family:\'宋体\';\">在这里蹦极可是对你勇气的一个极大的考验，成功者最后会得到老板给出的荣誉证书。</span></p></td><td width=\"137\" valign=\"top\" style=\"width:137px;border-top-style:none;border-left-style:none;border-bottom-width:1px;border-bottom-color:#000000;border-right-width:1px;border-right-color:#000000;padding:0 7px;\"><p><span style=\"font-size:12px;font-family:\'宋体\';\">无需预约，现场报名</span></p></td></tr><tr><td width=\"134\" rowspan=\"6\" valign=\"top\" style=\"width:134px;border-right-width:1px;border-bottom-width:1px;border-left-width:1px;border-right-color:#000000;border-bottom-color:#000000;border-left-color:#000000;border-top-style:none;padding:0 7px;\"><p><span style=\"font-size:12px;font-family:\'宋体\';\">因特拉肯滑翔伞</span></p></td><td width=\"139\" valign=\"top\" style=\"width:139px;border-top-style:none;border-left-style:none;border-bottom-width:1px;border-bottom-color:#000000;border-right-width:1px;border-right-color:#000000;padding:0 7px;\"><p><span style=\"font-size:12px;font-family:\'宋体\';\">190</span><span style=\"font-size:12px;font-family:\'宋体\';\">欧元<span>/</span>人</span></p></td><td width=\"158\" valign=\"top\" style=\"width:158px;border-top-style:none;border-left-style:none;border-bottom-width:1px;border-bottom-color:#000000;border-right-width:1px;border-right-color:#000000;padding:0 7px;\"><p><span style=\"font-size:13px;color:#FF0000;\">the star</span><span style=\"font-size:13px;font-family:\'宋体\';\">：</span></p><p><span style=\"font-size:13px;\">take off: Beatenberg</span></p><p><span style=\"font-size:13px;font-family:\'宋体\';\">飞行时间</span><span style=\"font-size:13px;\">:10-20min</span></p><p><span style=\"font-size:13px;font-family:\'宋体\';\">用时</span><span style=\"font-size:13px;\">:75-90min</span></p></td><td width=\"137\" rowspan=\"6\" valign=\"top\" style=\"width:137px;border-top-style:none;border-left-style:none;border-bottom-width:1px;border-bottom-color:#000000;border-right-width:1px;border-right-color:#000000;padding:0 7px;\"><p><span style=\"font-size:12px;font-family:\'宋体\';\">时间：每天根据天气情况</span></p><p><span style=\"font-size:12px;font-family:\'宋体\';\">舒适的衣服，好鞋<span><br />   </span>重量：最大九十千克<span>/ 200</span>磅<span><br />   </span>时间：约<span>1,5</span>小时因特拉肯<span><br />   </span>包括：合格的飞行员，材料和运输</span></p><p><span style=\"font-size:12px;font-family:\'宋体\';color:#FF0000;\">Ps</span><span style=\"font-size:12px;font-family:\'宋体\';color:#FF0000;\">：照片服务：图片的航班上提供的要求，<span>35</span>欧元<span>/</span>次<span>/</span>张</span></p></td></tr><tr><td width=\"139\" valign=\"top\" style=\"width:139px;border-top-style:none;border-left-style:none;border-bottom-width:1px;border-bottom-color:#000000;border-right-width:1px;border-right-color:#000000;padding:0 7px;\"><p><span style=\"font-size:12px;font-family:\'宋体\';\">240</span><span style=\"font-size:12px;font-family:\'宋体\';\">欧元<span>/</span>人</span></p></td><td width=\"158\" valign=\"top\" style=\"width:158px;border-top-style:none;border-left-style:none;border-bottom-width:1px;border-bottom-color:#000000;border-right-width:1px;border-right-color:#000000;padding:0 7px;\"><p><span style=\"font-size:13px;color:#FF0000;\">the mega star</span><span style=\"font-size:13px;font-family:\'宋体\';\">：</span></p><p><span style=\"font-size:13px;\">take off: Beatenberg</span></p><p><span style=\"font-size:13px;font-family:\'宋体\';\">飞行时间</span><span style=\"font-size:13px;\">:30-45min</span></p><p><span style=\"font-size:13px;font-family:\'宋体\';\">用时</span><span style=\"font-size:13px;\">:90min</span></p></td></tr><tr><td width=\"139\" valign=\"top\" style=\"width:139px;border-top-style:none;border-left-style:none;border-bottom-width:1px;border-bottom-color:#000000;border-right-width:1px;border-right-color:#000000;padding:0 7px;\"><p><span style=\"font-size:12px;font-family:\'宋体\';\">280</span><span style=\"font-size:12px;font-family:\'宋体\';\">欧元<span>/</span>人</span></p></td><td width=\"158\" valign=\"top\" style=\"width:158px;border-top-style:none;border-left-style:none;border-bottom-width:1px;border-bottom-color:#000000;border-right-width:1px;border-right-color:#000000;padding:0 7px;\"><p><span style=\"font-size:13px;color:#FF0000;\">the high star</span></p><p><span style=\"font-size:13px;\">take off: Niederhorn</span></p><p><span style=\"font-size:13px;font-family:\'宋体\';\">飞行时间</span><span style=\"font-size:13px;\">:15-30min</span></p><p><span style=\"font-size:13px;font-family:\'宋体\';\">用时</span><span style=\"font-size:13px;\">:120min</span></p></td></tr><tr><td width=\"139\" valign=\"top\" style=\"width:139px;border-top-style:none;border-left-style:none;border-bottom-width:1px;border-bottom-color:#000000;border-right-width:1px;border-right-color:#000000;padding:0 7px;\"><p><span style=\"font-size:12px;font-family:\'宋体\';\">280</span><span style=\"font-size:12px;font-family:\'宋体\';\">欧元<span>/</span>人</span></p></td><td width=\"158\" valign=\"top\" style=\"width:158px;border-top-style:none;border-left-style:none;border-bottom-width:1px;border-bottom-color:#000000;border-right-width:1px;border-right-color:#000000;padding:0 7px;\"><p><span style=\"font-size:13px;color:#FF0000;\">the sunset star</span></p><p><span style=\"font-size:13px;\">take off: Schynige Platte / Breitlauenen</span></p><p><span style=\"font-size:13px;font-family:\'宋体\';\">飞行时间</span><span style=\"font-size:13px;\">:15-30min</span></p><p><span style=\"font-size:13px;font-family:\'宋体\';\">用时</span><span style=\"font-size:13px;\">:120-180min</span></p></td></tr><tr><td width=\"139\" valign=\"top\" style=\"width:139px;border-top-style:none;border-left-style:none;border-bottom-width:1px;border-bottom-color:#000000;border-right-width:1px;border-right-color:#000000;padding:0 7px;\"><p><span style=\"font-size:12px;font-family:\'宋体\';\">290</span><span style=\"font-size:12px;font-family:\'宋体\';\">欧元<span>/</span>人</span></p></td><td width=\"158\" valign=\"top\" style=\"width:158px;border-top-style:none;border-left-style:none;border-bottom-width:1px;border-bottom-color:#000000;border-right-width:1px;border-right-color:#000000;padding:0 7px;\"><p><span style=\"font-size:13px;color:#FF0000;\">the long stairs star</span></p><p><span style=\"font-size:13px;\">take off: Niesen</span></p><p><span style=\"font-size:13px;font-family:\'宋体\';\">飞行时间</span><span style=\"font-size:13px;\">:20-40min</span></p><p><span style=\"font-size:13px;font-family:\'宋体\';\">用时</span><span style=\"font-size:13px;\">:120-180min</span></p></td></tr><tr><td width=\"139\" valign=\"top\" style=\"width:139px;border-top-style:none;border-left-style:none;border-bottom-width:1px;border-bottom-color:#000000;border-right-width:1px;border-right-color:#000000;padding:0 7px;\"><p><span style=\"font-size:12px;font-family:\'宋体\';\">330</span><span style=\"font-size:12px;font-family:\'宋体\';\">欧元<span>/</span>人</span></p></td><td width=\"158\" valign=\"top\" style=\"width:158px;border-top-style:none;border-left-style:none;border-bottom-width:1px;border-bottom-color:#000000;border-right-width:1px;border-right-color:#000000;padding:0 7px;\"><p><span style=\"font-size:13px;color:#FF0000;\">the james bond</span></p><p><span style=\"font-size:13px;\">take off: Schilthorn</span></p><p><span style=\"font-size:13px;font-family:\'宋体\';\">飞行时间</span><span style=\"font-size:13px;\">:25-45min</span></p><p><span style=\"font-size:13px;font-family:\'宋体\';\">用时</span><span style=\"font-size:13px;\">: 2hours(3hours from   Interlaken)</span></p></td></tr><tr><td width=\"134\" valign=\"top\" style=\"width:134px;border-right-width:1px;border-bottom-width:1px;border-left-width:1px;border-right-color:#000000;border-bottom-color:#000000;border-left-color:#000000;border-top-style:none;padding:0 7px;\"><p><span style=\"font-size:12px;font-family:\'宋体\';\">因特拉肯峡谷跳</span></p></td><td width=\"139\" valign=\"top\" style=\"width:139px;border-top-style:none;border-left-style:none;border-bottom-width:1px;border-bottom-color:#000000;border-right-width:1px;border-right-color:#000000;padding:0 7px;\"><p><span style=\"font-size:12px;font-family:\'宋体\';\">160</span><span style=\"font-size:12px;font-family:\'宋体\';\">欧元<span>/</span>人</span></p></td><td width=\"158\" valign=\"top\" style=\"width:158px;border-top-style:none;border-left-style:none;border-bottom-width:1px;border-bottom-color:#000000;border-right-width:1px;border-right-color:#000000;padding:0 7px;\"><p><span style=\"font-size:12px;font-family:\'宋体\';\">85</span><span style=\"font-size:12px;font-family:\'宋体\';\">米</span></p><p><span style=\"font-size:12px;font-family:\'宋体\';\">包括：装备和交通</span></p><p><span style=\"font-size:12px;font-family:\'宋体\';\">时长：<span>3</span>小时</span></p><p><span style=\"font-size:12px;font-family:\'宋体\';\">开始：<span>16:00</span></span></p><p><span style=\"font-size:12px;font-family:\'宋体\';\">自备：保暖服</span></p></td><td width=\"137\" valign=\"top\" style=\"width:137px;border-top-style:none;border-left-style:none;border-bottom-width:1px;border-bottom-color:#000000;border-right-width:1px;border-right-color:#000000;padding:0 7px;\"><p><span style=\"font-size:12px;font-family:\'宋体\';\">注：拍照留念<span>30</span>欧元<span>/</span>张<span>/</span>次</span></p></td></tr><tr><td width=\"134\" valign=\"top\" style=\"width:134px;border-right-width:1px;border-bottom-width:1px;border-left-width:1px;border-right-color:#000000;border-bottom-color:#000000;border-left-color:#000000;border-top-style:none;padding:0 7px;\"><p><span style=\"font-size:12px;font-family:\'宋体\';\">雪朗峰登山缆车票</span></p></td><td width=\"139\" valign=\"top\" style=\"width:139px;border-top-style:none;border-left-style:none;border-bottom-width:1px;border-bottom-color:#000000;border-right-width:1px;border-right-color:#000000;padding:0 7px;\"><p><span style=\"font-size:12px;font-family:\'宋体\';\">95</span><span style=\"font-size:12px;font-family:\'宋体\';\">欧元<span>/</span>人</span></p></td><td width=\"158\" valign=\"top\" style=\"width:158px;border-top-style:none;border-left-style:none;border-bottom-width:1px;border-bottom-color:#000000;border-right-width:1px;border-right-color:#000000;padding:0 7px;\"><p><span style=\"font-size:12px;font-family:\'宋体\';\">4</span><span style=\"font-size:12px;font-family:\'宋体\';\">段缆车</span></p><p><span style=\"font-size:12px;font-family:\'宋体\';\">“邦德，詹姆斯·邦德”。这个无人能敌的特工让雪朗峰一夜之间名声大噪。这座拥有震撼人心的壮丽全景图的山峰如今是少女峰地区最富魅力的旅游胜地。座落在雪朗峰山脚的米伦是一个令人如此心旷神怡、流连忘返的小山村。</span></p></td><td width=\"137\" valign=\"top\" style=\"width:137px;border-top-style:none;border-left-style:none;border-bottom-width:1px;border-bottom-color:#000000;border-right-width:1px;border-right-color:#000000;padding:0 7px;\"><p><span style=\"font-size:12px;font-family:\'宋体\';\">导游若陪同，客人需要支付导游费用。</span></p></td></tr><tr><td width=\"134\" rowspan=\"3\" valign=\"top\" style=\"width:134px;border-right-width:1px;border-bottom-width:1px;border-left-width:1px;border-right-color:#000000;border-bottom-color:#000000;border-left-color:#000000;border-top-style:none;padding:0 7px;\"><p><span style=\"font-size:12px;font-family:\'宋体\';\">因特拉肯直升飞机</span></p></td><td width=\"139\" valign=\"top\" style=\"width:139px;border-top-style:none;border-left-style:none;border-bottom-width:1px;border-bottom-color:#000000;border-right-width:1px;border-right-color:#000000;padding:0 7px;\"><p><span style=\"font-size:12px;font-family:\'宋体\';\">190</span><span style=\"font-size:12px;font-family:\'宋体\';\">欧元<span>/</span>人</span></p></td><td width=\"158\" valign=\"top\" style=\"width:158px;border-top-style:none;border-left-style:none;border-bottom-width:1px;border-bottom-color:#000000;border-right-width:1px;border-right-color:#000000;padding:0 7px;\"><p style=\"margin-right:20px;\"><span style=\"font-size:12px;font-family:\'宋体\';\">线路<span>1</span>：</span><span><a href=\"http://www.swisshelicopter.ch/EN/home/scenic-flights/from-gsteigwiler-interlaken/from-gsteigwiler-interlaken/eiger-north-wall.html\"><span style=\"font-size:12px;font-family:\'宋体\';\">Eiger   North Wall</span></a></span><span style=\"font-size:12px;font-family:\'宋体\';\">       </span></p><p style=\"margin-right:20px;\"><span style=\"font-size:12px;font-family:\'宋体\';\">乘坐时间<span>9</span>分钟</span></p></td><td width=\"137\" rowspan=\"3\" valign=\"top\" style=\"width:137px;border-top-style:none;border-left-style:none;border-bottom-width:1px;border-bottom-color:#000000;border-right-width:1px;border-right-color:#000000;padding:0 7px;\"><p><span style=\"font-size:12px;font-family:\'宋体\';\"> </span></p></td></tr><tr><td width=\"139\" valign=\"top\" style=\"width:139px;border-top-style:none;border-left-style:none;border-bottom-width:1px;border-bottom-color:#000000;border-right-width:1px;border-right-color:#000000;padding:0 7px;\"><p><span style=\"font-size:12px;font-family:\'宋体\';\">210</span><span style=\"font-size:12px;font-family:\'宋体\';\">欧元<span>/</span>人</span></p></td><td width=\"158\" valign=\"top\" style=\"width:158px;border-top-style:none;border-left-style:none;border-bottom-width:1px;border-bottom-color:#000000;border-right-width:1px;border-right-color:#000000;padding:0 7px;\"><p style=\"margin-right:20px;\"><span style=\"font-size:12px;font-family:\'宋体\';\">线路<span>2</span>：<span>Eiger - Mönch -   Jungfrau \'North\'</span></span></p><p style=\"margin-right:20px;\"><span style=\"font-size:12px;font-family:\'宋体\';\">乘坐时间<span>14</span>分钟<span>   </span></span></p></td></tr><tr><td width=\"139\" valign=\"top\" style=\"width:139px;border-top-style:none;border-left-style:none;border-bottom-width:1px;border-bottom-color:#000000;border-right-width:1px;border-right-color:#000000;padding:0 7px;\"><p><span style=\"font-size:12px;font-family:\'宋体\';\">290</span><span style=\"font-size:12px;font-family:\'宋体\';\">欧元<span>/</span>人</span></p></td><td width=\"158\" valign=\"top\" style=\"width:158px;border-top-style:none;border-left-style:none;border-bottom-width:1px;border-bottom-color:#000000;border-right-width:1px;border-right-color:#000000;padding:0 7px;\"><p><span style=\"font-size:12px;font-family:\'宋体\';\">线路<span>3</span>：<span>Eiger - Mönch - Jungfrau \'South\' </span></span></p><p><span style=\"font-size:12px;font-family:\'宋体\';\">乘坐时间<span>18</span>分钟<span>   </span></span></p></td></tr><tr><td width=\"134\" valign=\"top\" style=\"width:134px;border-right-width:1px;border-bottom-width:1px;border-left-width:1px;border-right-color:#000000;border-bottom-color:#000000;border-left-color:#000000;border-top-style:none;padding:0 7px;\"><p><span style=\"font-size:12px;font-family:\'宋体\';\">代堡热气球</span></p></td><td width=\"139\" valign=\"top\" style=\"width:139px;border-top-style:none;border-left-style:none;border-bottom-width:1px;border-bottom-color:#000000;border-right-width:1px;border-right-color:#000000;padding:0 7px;\"><p><span style=\"font-size:12px;font-family:\'宋体\';\">成人：<span>400</span>欧元<span>/</span>人</span></p><p><span style=\"font-size:12px;font-family:\'宋体\';\">儿童（<span>8-15</span>岁，身高<span>1.3</span>米以上）： <span>205.</span>欧元<span>/</span>人</span></p></td><td width=\"158\" valign=\"top\" style=\"width:158px;border-top-style:none;border-left-style:none;border-bottom-width:1px;border-bottom-color:#000000;border-right-width:1px;border-right-color:#000000;padding:0 7px;\"><p><span style=\"font-size:13px;font-family:\'宋体\';color:#333333;\">国际热气球周：</span><span style=\"font-size:13px;font-family:Arial, \'sans-serif\';color:#333333;\">2015.01.24-2015.02.01</span></p></td><td width=\"137\" valign=\"top\" style=\"width:137px;border-top-style:none;border-left-style:none;border-bottom-width:1px;border-bottom-color:#000000;border-right-width:1px;border-right-color:#000000;padding:0 7px;\"><p><span style=\"font-size:12px;font-family:\'宋体\';\"> </span></p></td></tr></tbody></table><p style=\"margin-left:28px;\"><span style=\"font-family:\'微软雅黑\', sans-serif;color:rgb(51,51,51);\"><br /></span><br /></p><p><br /></p>','<table border=\"1\" cellspacing=\"0\" cellpadding=\"0\" style=\"border:none;\"><tbody><tr><td width=\"33\" valign=\"top\" style=\"width:33px;border-width:1px;border-color:#000000;padding:0 7px;\"><p><span style=\"font-family:\'宋体\';\">日期</span></p></td><td width=\"60\" valign=\"top\" style=\"width:60px;border-top-width:1px;border-right-width:1px;border-bottom-width:1px;border-top-color:#000000;border-right-color:#000000;border-bottom-color:#000000;border-left-style:none;padding:0 7px;\"><p><span style=\"font-family:\'宋体\';\">工具</span></p></td><td width=\"312\" valign=\"top\" style=\"width:312px;border-top-width:1px;border-right-width:1px;border-bottom-width:1px;border-top-color:#000000;border-right-color:#000000;border-bottom-color:#000000;border-left-style:none;padding:0 7px;\"><p><span style=\"font-family:\'宋体\';\">行程</span></p></td><td width=\"314\" valign=\"top\" style=\"width:314px;border-top-width:1px;border-right-width:1px;border-bottom-width:1px;border-top-color:#000000;border-right-color:#000000;border-bottom-color:#000000;border-left-style:none;padding:0 7px;\"><p><span style=\"font-family:\'宋体\';\">插图</span></p></td></tr><tr><td width=\"33\" valign=\"top\" style=\"width:33px;border-right-width:1px;border-bottom-width:1px;border-left-width:1px;border-right-color:#000000;border-bottom-color:#000000;border-left-color:#000000;border-top-style:none;padding:0 7px;\"><p><span>D1</span></p></td><td width=\"60\" valign=\"top\" style=\"width:60px;border-top-style:none;border-left-style:none;border-bottom-width:1px;border-bottom-color:#000000;border-right-width:1px;border-right-color:#000000;padding:0 7px;\"><p><span style=\"font-family:\'宋体\';\">飞机巴士</span></p></td><td width=\"312\" valign=\"top\" style=\"width:312px;border-top-style:none;border-left-style:none;border-bottom-width:1px;border-bottom-color:#000000;border-right-width:1px;border-right-color:#000000;padding:0 7px;\"><p><span style=\"font-family:\'宋体\';\">接机</span>   <span style=\"font-family:\'宋体\';\">苏黎世</span><span>Zurich</span></p><p><span style=\"font-size:12px;font-family:\'宋体\';\">抵达瑞士最大的城市苏黎世后，入住酒店休息。</span></p></td><td width=\"314\" valign=\"top\" style=\"width:314px;border-top-style:none;border-left-style:none;border-bottom-width:1px;border-bottom-color:#000000;border-right-width:1px;border-right-color:#000000;padding:0 7px;\"><p><span> </span></p></td></tr><tr><td width=\"33\" valign=\"top\" style=\"width:33px;border-right-width:1px;border-bottom-width:1px;border-left-width:1px;border-right-color:#000000;border-bottom-color:#000000;border-left-color:#000000;border-top-style:none;padding:0 7px;\"><p><span>D2</span></p></td><td width=\"60\" valign=\"top\" style=\"width:60px;border-top-style:none;border-left-style:none;border-bottom-width:1px;border-bottom-color:#000000;border-right-width:1px;border-right-color:#000000;padding:0 7px;\"><p><span style=\"font-family:\'宋体\';\">巴士</span></p></td><td width=\"312\" valign=\"top\" style=\"width:312px;border-top-style:none;border-left-style:none;border-bottom-width:1px;border-bottom-color:#000000;border-right-width:1px;border-right-color:#000000;padding:0 7px;\"><p><span style=\"font-family:\'宋体\';\">苏黎世</span><span>Zurich- </span><span style=\"font-family:\'宋体\';\">洛迦诺</span><span>Locarno</span></p><p style=\"line-height:22px;\"><span style=\"font-size:12px;font-family:\'宋体\';\">位于瑞士洛迦诺附近的威扎斯卡大坝（<span>Verzasca   Dam</span>）是拍摄《<span>007</span>黄金眼》蹦极场面的理想地点，在这里将要完成电影史上的惊人一跳：<span>200</span>多米的蹦极跳！</span></p><p><span style=\"font-size:12px;font-family:\'宋体\';\">自从<span>007</span>在大坝中纵身一跳后，大坝就出了名了，而且<span>220</span>米高的大坝至今是现在世界上蹦极最高的地方<span>.</span></span></p><p><span style=\"font-size:12px;font-family:\'宋体\';\">在这里蹦极可是对你勇气的一个极大的考验，成功者最后会得到老板给出的荣誉证书。</span></p></td><td width=\"314\" valign=\"top\" style=\"width:314px;border-top-style:none;border-left-style:none;border-bottom-width:1px;border-bottom-color:#000000;border-right-width:1px;border-right-color:#000000;padding:0 7px;\"><p><span> <img src=\"/opentrip/Public/Uploads/desc/2016-06/22/14665921843575.jpg\" alt=\"14665921843575.jpg\" style=\"width:160px;height:103px;\" /></span></p><p><span></span></p></td></tr><tr><td width=\"33\" valign=\"top\" style=\"width:33px;border-right-width:1px;border-bottom-width:1px;border-left-width:1px;border-right-color:#000000;border-bottom-color:#000000;border-left-color:#000000;border-top-style:none;padding:0 7px;\"><p><span>D3</span></p></td><td width=\"60\" valign=\"top\" style=\"width:60px;border-top-style:none;border-left-style:none;border-bottom-width:1px;border-bottom-color:#000000;border-right-width:1px;border-right-color:#000000;padding:0 7px;\"><p><span style=\"font-family:\'宋体\';\">巴士</span></p><p><span style=\"font-family:\'宋体\';\">滑翔伞</span></p></td><td width=\"312\" valign=\"top\" style=\"width:312px;border-top-style:none;border-left-style:none;border-bottom-width:1px;border-bottom-color:#000000;border-right-width:1px;border-right-color:#000000;padding:0 7px;\"><p><span style=\"font-family:\'宋体\';\">洛迦诺</span><span>Locarno-</span><span style=\"font-family:\'宋体\';\">因特拉肯</span><span>Interlaken</span></p><p><span style=\"font-size:12px;font-family:\'宋体\';\">无论在水中还是在岩石上<span>——</span>因特拉肯在相当紧凑的区域内为游客提供了丰富多彩的休闲活动。近年来，因特拉肯成为一个重要的冒险运动中心。滑翔的翼伞现在几乎已经成为因特拉肯形象的一部分。更多雄心勃勃的<span>“</span>高飞者<span>”</span>可以预订参加跳伞活动，从高空俯瞰大地，欣赏一幅独特的美丽画卷。该地区的河流也为游客准备了各种清凉的活动，包括乘筏漂流、独木舟和水上竞速等。山地自行车观光和精品小径远足为游客提供了亲近大自然的机会<span>——</span>沿途您会欣赏到湛蓝的湖泊和雄伟的高山。</span></p><p><span style=\"font-size:12px;font-family:\'宋体\';\">悬挂滑翔速度快和动态。你飞在卧位和获得<span>birdís</span>眼鉴于新的视野。我们的飞行员进行培训和认证的瑞士悬挂滑翔和滑翔伞协会<span>SHPA </span>，并具有多年的经验。 </span></p></td><td width=\"314\" valign=\"top\" style=\"width:314px;border-top-style:none;border-left-style:none;border-bottom-width:1px;border-bottom-color:#000000;border-right-width:1px;border-right-color:#000000;padding:0 7px;\"><p><span> <img src=\"/opentrip/Public/Uploads/desc/2016-06/22/14665921923358.jpg\" alt=\"14665921923358.jpg\" style=\"width:226px;height:172px;\" /></span></p><p><span><br /></span></p><p><span></span></p></td></tr><tr><td width=\"33\" valign=\"top\" style=\"width:33px;border-right-width:1px;border-bottom-width:1px;border-left-width:1px;border-right-color:#000000;border-bottom-color:#000000;border-left-color:#000000;border-top-style:none;padding:0 7px;\"><p><span>D4</span></p></td><td width=\"60\" valign=\"top\" style=\"width:60px;border-top-style:none;border-left-style:none;border-bottom-width:1px;border-bottom-color:#000000;border-right-width:1px;border-right-color:#000000;padding:0 7px;\"><p><span style=\"font-family:\'宋体\';\">巴士</span></p><p><span style=\"font-family:\'宋体\';\">缆车</span></p><p><span style=\"font-family:\'宋体\';\">徒步</span></p></td><td width=\"312\" valign=\"top\" style=\"width:312px;border-top-style:none;border-left-style:none;border-bottom-width:1px;border-bottom-color:#000000;border-right-width:1px;border-right-color:#000000;padding:0 7px;\"><p><span style=\"font-family:\'宋体\';\">因特拉肯</span><span>-</span><span style=\"font-family:\'宋体\';\">雪朗峰</span><span>schilthorn-</span><span style=\"font-family:\'宋体\';\">因特拉肯</span></p><p><span style=\"font-size:12px;font-family:\'宋体\';\">从米伦乘缆车，在几分钟内带您上至海拔<span>1907</span>米的艾尔蒙德呼贝尔。在宽敞的阳光露台上享受无边景致，或者发掘米伦<span>—</span>雪朗峰地区这一徒步旅行的天堂，在路上尽情感受阿尔卑斯风光。您也可在<span>360</span>°的<span>Piz Gloria</span>旋转餐厅用餐，同时欣赏群峰美景静静划过眼前。<span><br />   </span>除了冬季滑雪，夏季您还可以在这里徒步旅行。</span></p><p><span style=\"font-size:12px;font-family:\'宋体\';\">北坡徒步小径：<span><br />   </span>路线：<span>Mürren - Spielbodenalp - Schiltalp - Blumental –   Allmendhubel <br />   </span>单程<span>2</span>小时<span>30</span>分钟<span><br />   </span>该路线最大特色为沿途欣赏伯尔尼高地阿尔卑斯山北坡的震撼美景。沿途设有<span>12</span>个信息指示牌。需穿户外鞋。</span></p><p><span style=\"font-size:12px;font-family:\'宋体\';\">山景小径<span><br />   </span>路线：<span>Allmendhubel - Dorenhubel – Grütschalp<br />   </span>单程<span>1</span>小时<span>30</span>分钟<span><br />   </span>欣赏艾格峰、僧侣峰和少女峰</span></p></td><td width=\"314\" valign=\"top\" style=\"width:314px;border-top-style:none;border-left-style:none;border-bottom-width:1px;border-bottom-color:#000000;border-right-width:1px;border-right-color:#000000;padding:0 7px;\"><p><img src=\"/opentrip/Public/Uploads/desc/2016-06/22/14665923877051.jpg\" alt=\"14665923877051.jpg\" style=\"width:141px;height:89px;\" /></p><p><img src=\"/opentrip/Public/Uploads/desc/2016-06/22/146659238949.jpg\" style=\"width:0px;height:0px;\" alt=\"146659238949.jpg\" /></p><p><img src=\"/opentrip/Public/Uploads/desc/2016-06/22/14665924267963.jpg\" alt=\"14665924267963.jpg\" style=\"width:140px;height:89px;\" /></p></td></tr><tr><td width=\"33\" valign=\"top\" style=\"width:33px;border-right-width:1px;border-bottom-width:1px;border-left-width:1px;border-right-color:#000000;border-bottom-color:#000000;border-left-color:#000000;border-top-style:none;padding:0 7px;\"><p><span>D5</span></p></td><td width=\"60\" valign=\"top\" style=\"width:60px;border-top-style:none;border-left-style:none;border-bottom-width:1px;border-bottom-color:#000000;border-right-width:1px;border-right-color:#000000;padding:0 7px;\"><p><span style=\"font-family:\'宋体\';\">巴士</span></p><p><span style=\"font-family:\'宋体\';\">直升</span></p><p><span style=\"font-family:\'宋体\';\">飞机</span></p></td><td width=\"312\" valign=\"top\" style=\"width:312px;border-top-style:none;border-left-style:none;border-bottom-width:1px;border-bottom-color:#000000;border-right-width:1px;border-right-color:#000000;padding:0 7px;\"><p><span style=\"font-family:\'宋体\';\">因特拉肯直升飞机</span></p><p style=\"margin-right:20px;\"><span style=\"font-family:\'宋体\';\">线路</span><span>1</span><span style=\"font-family:\'宋体\';\">：</span><span><a href=\"http://www.swisshelicopter.ch/EN/home/scenic-flights/from-gsteigwiler-interlaken/from-gsteigwiler-interlaken/eiger-north-wall.html\"><span style=\"color:#000000;\">Eiger North Wall</span></a><span style=\"color:#000000;\">  </span>     </span><span style=\"font-family:\'宋体\';\">乘坐时间</span><span>9</span><span style=\"font-family:\'宋体\';\">分钟</span></p><p style=\"margin-right:20px;\"><span style=\"font-family:\'宋体\';\">线路</span><span>2</span><span style=\"font-family:\'宋体\';\">：</span><span>Eiger - Mönch - Jungfrau \'North\'</span><span style=\"font-family:\'宋体\';\">时间</span><span>14</span><span style=\"font-family:\'宋体\';\">分钟</span><span>  </span></p><p style=\"margin-right:20px;\"><span style=\"font-family:\'宋体\';\">线路</span><span>3</span><span style=\"font-family:\'宋体\';\">：</span><span>Eiger - Mönch - Jungfrau \'South\' </span><span style=\"font-family:\'宋体\';\">时间</span><span>18</span><span style=\"font-family:\'宋体\';\">分钟</span><span>  </span><strong></strong></p></td><td width=\"314\" valign=\"top\" style=\"width:314px;border-top-style:none;border-left-style:none;border-bottom-width:1px;border-bottom-color:#000000;border-right-width:1px;border-right-color:#000000;padding:0 7px;\"><br /><table border=\"0\" cellspacing=\"0\" cellpadding=\"0\"><tbody><tr style=\"height:15px;\"><td width=\"556\" colspan=\"3\" style=\"width:556px;padding:0 0 0 0;height:15px;\"><p></p></td></tr><tr><td width=\"553\" style=\"width:553px;padding:0 0 0 0;\"><p><img src=\"/opentrip/Public/Uploads/desc/2016-06/22/14665924809821.jpg\" alt=\"14665924809821.jpg\" style=\"width:165px;height:104px;\" /></p><p><img src=\"/opentrip/Public/Uploads/desc/2016-06/22/14665924817211.jpg\" style=\"width:193px;height:182px;\" alt=\"14665924817211.jpg\" /></p><p><br /></p></td><td width=\"1\" style=\"width:1px;padding:0 0 0 0;\"><p><span style=\"font-size:13px;font-family:\'Times New Roman\', serif;\"> </span></p></td></tr></tbody></table><p><span><a href=\"\"><span style=\"font-size:16px;font-family:\'宋体\';color:#0000FF;\"></span></a></span></p><p><strong><span></span></strong></p></td></tr><tr><td width=\"33\" valign=\"top\" style=\"width:33px;border-right-width:1px;border-bottom-width:1px;border-left-width:1px;border-right-color:#000000;border-bottom-color:#000000;border-left-color:#000000;border-top-style:none;padding:0 7px;\"><p><span>D6</span></p></td><td width=\"60\" valign=\"top\" style=\"width:60px;border-top-style:none;border-left-style:none;border-bottom-width:1px;border-bottom-color:#000000;border-right-width:1px;border-right-color:#000000;padding:0 7px;\"><p><span style=\"font-family:\'宋体\';\">巴士</span></p><p><span style=\"font-family:\'宋体\';\">热气球</span></p></td><td width=\"312\" valign=\"top\" style=\"width:312px;border-top-style:none;border-left-style:none;border-bottom-width:1px;border-bottom-color:#000000;border-right-width:1px;border-right-color:#000000;padding:0 7px;\"><p><span style=\"font-family:\'宋体\';\">因特拉肯</span><span>-</span><span style=\"font-family:\'宋体\';\">代堡</span><span>Chateau d-Oex-</span><span style=\"font-family:\'宋体\';\">蒙特勒</span></p><p><span style=\"font-size:13px;font-family:\'宋体\';color:#333333;\">酒店早餐后，这里是热气球的大本营。抵达后可以选择自费体验热气球，午餐后参观热气球博物馆，这里记录了航空和热气球运动的发展历史。科幻小说家儒勒</span><span style=\"font-size:13px;font-family:Arial, \'sans-serif\';color:#333333;\">·</span><span style=\"font-size:13px;font-family:\'宋体\';color:#333333;\">凡尔纳曾在其作品中描述过热气球运动，探险家皮卡尔和琼斯也曾乘热气球成功环球飞行一周，所以热气球是这里的明星。</span></p><p><span style=\"font-size:13px;font-family:\'宋体\';color:#333333;\">博物馆营业时间：周二</span><span style=\"font-size:13px;font-family:Arial, \'sans-serif\';color:#333333;\">-</span><span style=\"font-size:13px;font-family:\'宋体\';color:#333333;\">周日（</span><span style=\"font-size:13px;font-family:Arial, \'sans-serif\';color:#333333;\">14</span><span style=\"font-size:13px;font-family:\'宋体\';color:#333333;\">：</span><span style=\"font-size:13px;font-family:Arial, \'sans-serif\';color:#333333;\">00-17</span><span style=\"font-size:13px;font-family:\'宋体\';color:#333333;\">：</span><span style=\"font-size:13px;font-family:Arial, \'sans-serif\';color:#333333;\">00</span><span style=\"font-size:13px;font-family:\'宋体\';color:#333333;\">）</span></p><p><span style=\"font-size:13px;font-family:\'宋体\';color:#333333;\">您的热气球之旅至少要持续</span><span style=\"font-size:13px;font-family:Arial, \'sans-serif\';color:#333333;\">1</span><span style=\"font-size:13px;font-family:\'宋体\';color:#333333;\">个小时，而与此相关的各种有趣的准备工作需要</span><span style=\"font-size:13px;font-family:Arial, \'sans-serif\';color:#333333;\">3</span><span style=\"font-size:13px;font-family:\'宋体\';color:#333333;\">—</span><span style=\"font-size:13px;font-family:Arial, \'sans-serif\';color:#333333;\">4</span><span style=\"font-size:13px;font-family:\'宋体\';color:#333333;\">个小时。从着陆位置中转回到代堡的费用包括在总价格中，您在代堡还可以去参观“</span><span style=\"font-size:13px;font-family:Arial, \'sans-serif\';color:#333333;\">Espace</span><span style=\"font-size:13px;font-family:\'宋体\';color:#333333;\">热气球”展览。每一位热气球乘客都将获得一份证书。</span></p></td><td width=\"314\" valign=\"top\" style=\"width:314px;border-top-style:none;border-left-style:none;border-bottom-width:1px;border-bottom-color:#000000;border-right-width:1px;border-right-color:#000000;padding:0 7px;\"><p><span><br />   </span></p><p><span> <img src=\"/opentrip/Public/Uploads/desc/2016-06/22/1466592510604.jpg\" alt=\"1466592510604.jpg\" style=\"width:191px;height:123px;\" /></span></p></td></tr><tr><td width=\"33\" valign=\"top\" style=\"width:33px;border-right-width:1px;border-bottom-width:1px;border-left-width:1px;border-right-color:#000000;border-bottom-color:#000000;border-left-color:#000000;border-top-style:none;padding:0 7px;\"><p><span>D7</span></p></td><td width=\"60\" valign=\"top\" style=\"width:60px;border-top-style:none;border-left-style:none;border-bottom-width:1px;border-bottom-color:#000000;border-right-width:1px;border-right-color:#000000;padding:0 7px;\"><p><span style=\"font-family:\'宋体\';\">巴士</span></p></td><td width=\"312\" valign=\"top\" style=\"width:312px;border-top-style:none;border-left-style:none;border-bottom-width:1px;border-bottom-color:#000000;border-right-width:1px;border-right-color:#000000;padding:0 7px;\"><h2 style=\"margin-bottom:0;line-height:30px;\"><span style=\"font-size:15px;font-family:\'宋体\';\">蒙特勒</span><span style=\"font-size:15px;font-family:Calibri, sans-serif;\">-Lavey-les-Bains-</span><span style=\"font-size:15px;font-family:\'宋体\';\">日内瓦</span></h2><p style=\"line-height:23px;\"><span style=\"font-size:13px;font-family:\'宋体\';color:#333333;\">早餐后，游览蒙特勒，日内瓦湖边幽静、浪漫的度假区</span><span style=\"font-size:13px;font-family:Arial, \'sans-serif\';color:#333333;\">-</span><span style=\"font-size:13px;font-family:\'宋体\';color:#333333;\">蒙特勒，参观著名的水上城堡</span><span style=\"font-size:13px;font-family:Arial, \'sans-serif\';color:#333333;\">-</span><span style=\"font-size:13px;font-family:\'宋体\';color:#333333;\">西雍古堡。这座建于八百多年前萨伏依大公时期的水上古堡，它三面环水，一面紧挨着湖岸，一座木桥通向入口，犹如桥头堡。古堡以暗褐色石块砌成，靠湖的城垛则是雪白的墙，四周塔楼围绕着中央高耸的金字塔楼，气势恢宏，脚下是万顷波涛，面对着湖山、雪峰，流淌了千百年。</span></p><p><span style=\"font-size:13px;font-family:\'宋体\';color:#333333;\">而后乘车前往，</span><span style=\"font-size:13px;font-family:\'宋体\';color:#FF0000;\">拉韦</span><span style=\"font-size:13px;font-family:Arial, \'sans-serif\';color:#FF0000;\">(Lavey)</span><span style=\"font-size:13px;font-family:\'宋体\';color:#FF0000;\">温泉浴场</span></p><p><span style=\"font-size:13px;font-family:\'宋体\';color:#333333;\">拉韦拥有瑞士温度最高的温泉之一，泉眼中涌出的温水温度高达</span><span style=\"font-size:13px;font-family:Arial, \'sans-serif\';color:#333333;\">69</span><span style=\"font-size:13px;font-family:\'宋体\';color:#333333;\">°</span><span style=\"font-size:13px;font-family:Arial, \'sans-serif\';color:#333333;\">C</span><span style=\"font-size:13px;font-family:\'宋体\';color:#333333;\">。沐浴者可以尽享拉韦温泉浴场矿泉水带来的健康疗效。</span></p><p><span style=\"font-size:13px;font-family:\'宋体\';color:#333333;\">这里是幸福的天堂，向您敞开了大门！这里有按摩浴池、水流按摩管、蘑菇形喷泉、瀑布、急流水道和充水床垫。在这惬意而清新的环境中，丰富多彩的与水相关的活动和奢华享受等着您来体验。</span></p><p><span style=\"font-size:13px;font-family:\'宋体\';color:#333333;\">之后，前往日内瓦。</span></p></td><td width=\"314\" valign=\"top\" style=\"width:314px;border-top-style:none;border-left-style:none;border-bottom-width:1px;border-bottom-color:#000000;border-right-width:1px;border-right-color:#000000;padding:0 7px;\"><p><span style=\"font-size:16px;font-family:\'宋体\';\"></span><img src=\"/opentrip/Public/Uploads/desc/2016-06/22/14665926475015.jpg\" style=\"width:263px;height:282px;\" alt=\"14665926475015.jpg\" /></p></td></tr><tr><td width=\"33\" valign=\"top\" style=\"width:33px;border-right-width:1px;border-bottom-width:1px;border-left-width:1px;border-right-color:#000000;border-bottom-color:#000000;border-left-color:#000000;border-top-style:none;padding:0 7px;\"><p><span>D8</span></p></td><td width=\"60\" valign=\"top\" style=\"width:60px;border-top-style:none;border-left-style:none;border-bottom-width:1px;border-bottom-color:#000000;border-right-width:1px;border-right-color:#000000;padding:0 7px;\"><p><span style=\"font-family:\'宋体\';\">巴士</span></p><p><span style=\"font-family:\'宋体\';\">飞机</span></p></td><td width=\"312\" valign=\"top\" style=\"width:312px;border-top-style:none;border-left-style:none;border-bottom-width:1px;border-bottom-color:#000000;border-right-width:1px;border-right-color:#000000;padding:0 7px;\"><p><span style=\"font-family:\'宋体\';\">离开</span>   <span style=\"font-family:\'宋体\';\">日内瓦</span></p><p><span style=\"font-size:13px;font-family:\'宋体\';color:#333333;\">早餐后，前往日内瓦机场</span> <span style=\"font-size:13px;font-family:\'宋体\';color:#333333;\">办理手续准备回到温暖的家</span></p></td><td width=\"314\" valign=\"top\" style=\"width:314px;border-top-style:none;border-left-style:none;border-bottom-width:1px;border-bottom-color:#000000;border-right-width:1px;border-right-color:#000000;padding:0 7px;\"><p><span> </span></p></td></tr></tbody></table><p><strong><span style=\"font-size:21px;font-family:\'华文新魏\';color:#00B050;\"> </span></strong></p><p><br /></p>','<h3 style=\"margin-bottom:10px;margin-left:0;line-height:20px;\"><span style=\"font-size:14px;font-family:\'宋体\';color:#333333;\">费用包含</span></h3><p style=\"line-height:25px;\"><span style=\"font-family:\'sans-sarif\', serif;color:#666666;\">1</span><span style=\"font-family:\'宋体\';color:#666666;\">．【机票】国际往返航段经济舱机票含税，行程表所列航程的机场税、燃油费（若搭游轮亦包含港口税）。</span><span style=\"font-family:\'sans-sarif\', serif;color:#666666;\"><br /> 2</span><span style=\"font-family:\'宋体\';color:#666666;\">．【签证】行程表所列旅游国家所需的观光签证申办费用。</span><span style=\"font-family:\'sans-sarif\', serif;color:#666666;\"><br /> 3</span><span style=\"font-family:\'宋体\';color:#666666;\">．【住宿】行程表标示酒店</span><span style=\"font-family:\'sans-sarif\', serif;color:#666666;\">2</span><span style=\"font-family:\'宋体\';color:#666666;\">人</span><span style=\"font-family:\'sans-sarif\', serif;color:#666666;\">1</span><span style=\"font-family:\'宋体\';color:#666666;\">间客房。</span><span style=\"font-family:\'sans-sarif\', serif;color:#666666;\"><br /> 4</span><span style=\"font-family:\'宋体\';color:#666666;\">．【景点】行程表标示境内交通、观光、门票费用。</span><span style=\"font-family:\'sans-sarif\', serif;color:#666666;\"><br /> 5</span><span style=\"font-family:\'宋体\';color:#666666;\">．【餐饮】全程酒店内早餐及行程内标示正餐。</span><span style=\"font-family:\'sans-sarif\', serif;color:#666666;\"><br /> 6</span><span style=\"font-family:\'宋体\';color:#666666;\">．【小费】全程导游、司机等服务人员小费。</span><span style=\"font-family:\'sans-sarif\', serif;color:#666666;\"><br /> 7</span><span style=\"font-family:\'宋体\';color:#666666;\">．【成行】</span><span style=\"font-family:\'sans-sarif\', serif;color:#666666;\">2</span><span style=\"font-family:\'宋体\';color:#666666;\">人以上成行。</span><span style=\"font-family:\'sans-sarif\', serif;color:#666666;\"><br /> 8</span><span style=\"font-family:\'宋体\';color:#666666;\">．【交通】行程包含并使用一人两座专属座车（除部分特殊路段因当地规定及安全考量，则依规定派遣小型车）。当地专属导游司机每天</span><span style=\"font-family:\'sans-sarif\', serif;color:#666666;\">10</span><span style=\"font-family:\'宋体\';color:#666666;\">小时内服务。</span><span style=\"font-family:\'sans-sarif\', serif;color:#666666;\"><br /> 9</span><span style=\"font-family:\'宋体\';color:#666666;\">．【保险】</span><span style=\"font-family:\'sans-sarif\', serif;color:#666666;\">60</span><span style=\"font-family:\'宋体\';color:#666666;\">万最高意外保障暨</span><span style=\"font-family:\'sans-sarif\', serif;color:#666666;\">40</span><span style=\"font-family:\'宋体\';color:#666666;\">万国际医疗保障＋最高</span><span style=\"font-family:\'sans-sarif\', serif;color:#666666;\">3</span><span style=\"font-family:\'宋体\';color:#666666;\">万的旅行阻碍保障＋金额不封顶全球救援服务</span> <span style=\"font-family:\'宋体\';color:#666666;\">。</span></p><h3 style=\"margin-bottom:10px;margin-left:0;line-height:20px;\"><span style=\"font-size:14px;font-family:\'宋体\';color:#333333;\">费用不包含</span></h3><p style=\"line-height:25px;\"><span style=\"font-family:\'sans-sarif\', serif;color:#666666;\">1.</span><span style=\"font-family:\'宋体\';color:#666666;\">【护照】个人护照费用。</span><span style=\"font-family:\'sans-sarif\', serif;color:#666666;\"><br /> 2.</span><span style=\"font-family:\'宋体\';color:#666666;\">【正餐】行程内未提及的午餐及晚餐。</span><span style=\"font-family:\'sans-sarif\', serif;color:#666666;\"><br /> 3.</span><span style=\"font-family:\'宋体\';color:#666666;\">【延长住宿】贵宾另外延长假期的额外住宿，交通、观光费用。</span><span style=\"font-family:\'sans-sarif\', serif;color:#666666;\"><br /> 4.</span><span style=\"font-family:\'宋体\';color:#666666;\">【自行安排行程】行程表上未表明记载的各项开支，自选自费行程及应付费用。</span><span style=\"font-family:\'sans-sarif\', serif;color:#666666;\"><br /> 5.</span><span style=\"font-family:\'宋体\';color:#666666;\">【行李超重费】托运行李超过（公务</span><span style=\"font-family:\'sans-sarif\', serif;color:#666666;\">30kg</span><span style=\"font-family:\'宋体\';color:#666666;\">，经济</span><span style=\"font-family:\'sans-sarif\', serif;color:#666666;\">20kg</span><span style=\"font-family:\'宋体\';color:#666666;\">，具体以航空公司要求为准）规定之超额重量费。</span><span style=\"font-family:\'sans-sarif\', serif;color:#666666;\"><br /> 6.</span><span style=\"font-family:\'宋体\';color:#666666;\">【私人性消费】如行程标示外的饮料酒类、洗衣、电话、网路及行程外私人交通费。</span><span style=\"font-family:\'sans-sarif\', serif;color:#666666;\"><br /> 7.</span><span style=\"font-family:\'宋体\';color:#666666;\">【升等头等舱】若飞机航班配置有头等舱席次，贵宾需求升等订位，需额外加价及另行报价。</span><span style=\"font-family:\'sans-sarif\', serif;color:#666666;\"><br /> 8.</span><span style=\"font-family:\'宋体\';color:#666666;\">【单人房差价】贵宾若需求改住单人房，需加收差价。</span><span style=\"font-family:\'sans-sarif\', serif;color:#666666;\"><br /> 9.</span><span style=\"font-family:\'宋体\';color:#666666;\">【用车超时费】为了保证司机睡眠和行车安全，司机每天工作</span><span style=\"font-family:\'sans-sarif\', serif;color:#666666;\">10</span><span style=\"font-family:\'宋体\';color:#666666;\">小时，超时费为每小时</span><span style=\"font-family:\'sans-sarif\', serif;color:#666666;\">1000</span><span style=\"font-family:\'宋体\';color:#666666;\">元人民币</span><span style=\"font-family:\'sans-sarif\', serif;color:#666666;\">/</span><span style=\"font-family:\'宋体\';color:#666666;\">车。如使用超过晚</span><span style=\"font-family:\'sans-sarif\', serif;color:#666666;\">9</span><span style=\"font-family:\'宋体\';color:#666666;\">点，则需要安排司机当地酒店住宿。巴士使用最晚不可超过晚</span><span style=\"font-family:\'sans-sarif\', serif;color:#666666;\">10</span><span style=\"font-family:\'宋体\';color:#666666;\">点。</span><span style=\"font-family:\'sans-sarif\', serif;color:#666666;\"><br /> 10.</span><span style=\"font-family:\'宋体\';color:#666666;\">【其他费用】因交通延误、战争、</span><span style=\"font-family:\'sans-sarif\', serif;color:#666666;\">*</span><span style=\"font-family:\'宋体\';color:#666666;\">、</span><span style=\"font-family:\'sans-sarif\', serif;color:#666666;\">*</span><span style=\"font-family:\'宋体\';color:#666666;\">、自然灾害、飞机故障、航班取消或更改时间等不可抗力原因所致的额外费用。</span></p><p><br /></p>','<p><span style=\"font-family:\'宋体\';color:#000000;\">【预订确认】本产品预订后，我们会根据客户的具体需求定制个性化方案后与客户进行二次确认。</span></p><p><span style=\"font-family:\'宋体\';color:#000000;\">【携带证件】请携带护照或其他有效身份证件参加本行程。</span></p><p><span style=\"font-family:\'宋体\';color:#000000;\">【特别提示】</span></p><p><span style=\"color:#000000;\">1</span><span style=\"font-family:\'宋体\';color:#000000;\">．根据客人实际需求，线路、住宿、交通、报价等具体信息将通过邮件发送至客人邮箱进行二次确认。</span></p><p><span style=\"color:#000000;\">2</span><span style=\"font-family:\'宋体\';color:#000000;\">．本产品以客人最终全额付款作为二次确认。</span></p><p><span style=\"font-family:\'宋体\';color:#000000;\">【不可转让】本产品一旦购买不能转让。</span></p><p><span style=\"font-family:\'宋体\';color:#000000;\">【迟到、未参加】因个人原因迟到或未参加行程，不予负责且不退款。</span></p><p><br /></p>','<p>本产品预订后，经二次确认后取消或修改订单将不予退款。</p>','<p>欢迎发送邮件至opentrip@qq.com垂询详情或定制欧洲当地其他线路行程，我们的客服人员将尽快与您联系。</p>','no','滑翔伞','','','yes','中文 英语','欧洲','瑞士','苏黎世','苏黎世','洛迦诺 因特拉肯 蒙特勒','日内瓦','极限探险','','','','','','','8天','','入台证','',NULL,NULL,NULL,NULL,NULL,NULL,NULL,NULL,NULL,NULL,NULL,NULL,NULL,NULL,NULL,NULL,NULL,NULL,NULL),(12,0,2,'','admin2测试的页面',1111,1111,'','','','','','','no','no','2016-06-23 13:58:42','<p>请在此处输入产品详情。</p>','<p>请输入行程参考。</p>','<p>请输入费用说明。</p>','<p>请输入预定须知。</p>','<p>本产品预订后，经二次确认后取消或修改订单将不予退款。</p>','<p>欢迎发送邮件至opentrip@qq.com垂询详情或定制欧洲当地其他线路行程，我们的客服人员将尽快与您联系。</p>','no','','','','yes','','亚洲','','','','','','','','','','','','','',NULL,NULL,NULL,NULL,NULL,NULL,NULL,NULL,NULL,NULL,NULL,NULL,NULL,NULL,NULL,NULL,NULL,NULL,NULL,NULL,NULL,NULL),(13,0,2,'','admin2测试的页面2',11111,1111,'','','','','','','no','no','2016-06-23 14:22:46','<p>请在此处输入产品详情。</p>','<p>请输入行程参考。</p>','<p>请输入费用说明。</p>','<p>请输入预定须知。</p>','<p>本产品预订后，经二次确认后取消或修改订单将不予退款。</p>','<p>欢迎发送邮件至opentrip@qq.com垂询详情或定制欧洲当地其他线路行程，我们的客服人员将尽快与您联系。</p>','no','','','','yes','','亚洲','123','123','','','','','','','','','','','',NULL,NULL,NULL,NULL,NULL,NULL,NULL,NULL,NULL,NULL,NULL,NULL,NULL,NULL,NULL,NULL,NULL,NULL,NULL,NULL,NULL,NULL),(14,0,2,'','admin2测试页面3',222,222,'','','','','','','no','no','2016-06-23 14:49:11','<p>请在此处输入产品详情。</p>','<p>请输入行程参考。</p>','<p>请输入费用说明。</p>','<p>请输入预定须知。</p>','<p>本产品预订后，经二次确认后取消或修改订单将不予退款。</p>','<p>欢迎发送邮件至opentrip@qq.com垂询详情或定制欧洲当地其他线路行程，我们的客服人员将尽快与您联系。</p>','no','','','','yes','','亚洲','2','','','','','','222','','','','','','',NULL,NULL,NULL,NULL,NULL,NULL,NULL,NULL,NULL,NULL,NULL,NULL,NULL,NULL,NULL,NULL,NULL,NULL,NULL,NULL,NULL,NULL),(15,1,1,'','test签证',111,0,'','','','','','','yes','no','2016-07-01 05:11:45','<p>请在此处输入产品详情。</p>','<p>请输入行程参考。</p>','<p>请输入费用说明。</p>','<p>请输入预定须知。</p>','<p>本产品预订后，经二次确认后取消或修改订单将不予退款。</p>','<p>欢迎发送邮件至opentrip@qq.com垂询详情或定制欧洲当地其他线路行程，我们的客服人员将尽快与您联系。</p>','no','','','','yes','','亚洲','美国','123','','','','探秘文化','','','','','','','三日','上海 北京','单次旅游签证','上海','北京','南太平洋','阿玛河轮','海德堡号','2016 - 11','plan1',111,'plan2',222,'plan3',333,NULL,NULL,NULL,NULL,NULL,NULL,NULL,NULL),(16,0,1,'','签证',0,0,'','','','','','','yes','no','2016-07-01 05:23:54','<p>请在此处输入产品详情。</p>','<p>请输入行程参考。</p>','<p>请输入费用说明。</p>','<p>请输入预定须知。</p>','<p>本产品预订后，经二次确认后取消或修改订单将不予退款。</p>','<p>欢迎发送邮件至opentrip@qq.com垂询详情或定制欧洲当地其他线路行程，我们的客服人员将尽快与您联系。</p>','yes','','','','yes','','北美及加勒比海','','','','','','','','','','','','','','123','多次旅游签证','123',NULL,NULL,NULL,NULL,NULL,NULL,NULL,NULL,NULL,NULL,NULL,NULL,NULL,NULL,NULL,NULL,NULL,NULL,NULL),(17,0,1,'','444444',444,444,'','','','','','','yes','no','2016-07-01 05:35:45','<p>请在此处输入产品详情。</p>','<p>请输入行程参考。</p>','<p>请输入费用说明。</p>','<p>请输入预定须知。</p>','<p>本产品预订后，经二次确认后取消或修改订单将不予退款。</p>','<p>欢迎发送邮件至opentrip@qq.com垂询详情或定制欧洲当地其他线路行程，我们的客服人员将尽快与您联系。</p>','yes','','','','yes','','----请选择----','','','','','','','','','','','','','','44444','一个月多次入境','44444444444',NULL,NULL,NULL,NULL,NULL,NULL,NULL,NULL,NULL,NULL,NULL,NULL,NULL,NULL,NULL,NULL,NULL,NULL,NULL),(18,1,1,'','123123123',123,123,'','','','','','','yes','no','2016-07-10 02:32:01','<p>请在此处输入产品详情。</p>','<p>请输入行程参考。</p>','<p>请输入费用说明。</p>','<p>请输入预定须知。</p>','<p>本产品预订后，经二次确认后取消或修改订单将不予退款。</p>','<p>欢迎发送邮件至opentrip@qq.com垂询详情或定制欧洲当地其他线路行程，我们的客服人员将尽快与您联系。</p>','no','','','','yes','','欧洲','1232131','','','','','高尔夫','','','','','','','4日','','入台证','','','','','','','',0,'',0,'',0,'',0,'',0,'',0,0,0);
/*!40000 ALTER TABLE `travel_product` ENABLE KEYS */;
UNLOCK TABLES;

--
-- Table structure for table `travel_shopcart`
--

DROP TABLE IF EXISTS `travel_shopcart`;
/*!40101 SET @saved_cs_client     = @@character_set_client */;
/*!40101 SET character_set_client = utf8 */;
CREATE TABLE `travel_shopcart` (
  `id` int(10) unsigned NOT NULL AUTO_INCREMENT,
  `user_id` int(10) unsigned NOT NULL COMMENT '购买者ID',
  `add_time` timestamp NOT NULL DEFAULT CURRENT_TIMESTAMP COMMENT '加入购物车时间',
  `product_id` int(10) unsigned NOT NULL COMMENT '购买商品ID',
  `num` tinyint(3) unsigned NOT NULL COMMENT '购买商品数量',
  PRIMARY KEY (`id`)
) ENGINE=InnoDB DEFAULT CHARSET=utf8;
/*!40101 SET character_set_client = @saved_cs_client */;

--
-- Dumping data for table `travel_shopcart`
--

LOCK TABLES `travel_shopcart` WRITE;
/*!40000 ALTER TABLE `travel_shopcart` DISABLE KEYS */;
/*!40000 ALTER TABLE `travel_shopcart` ENABLE KEYS */;
UNLOCK TABLES;

--
-- Table structure for table `travel_user`
--

DROP TABLE IF EXISTS `travel_user`;
/*!40101 SET @saved_cs_client     = @@character_set_client */;
/*!40101 SET character_set_client = utf8 */;
CREATE TABLE `travel_user` (
  `id` int(10) unsigned NOT NULL AUTO_INCREMENT,
  `username` varchar(20) NOT NULL COMMENT '用户名',
  `password` char(32) NOT NULL COMMENT '登录密码',
  `salt` char(6) NOT NULL COMMENT '密钥',
  `reg_time` timestamp NOT NULL DEFAULT CURRENT_TIMESTAMP COMMENT '注册时间',
  `phone` char(11) NOT NULL DEFAULT '' COMMENT '联系电话',
  `email` varchar(30) NOT NULL DEFAULT '' COMMENT '邮箱',
  `consignee` varchar(20) NOT NULL DEFAULT '' COMMENT '收件人',
  `address` varchar(255) NOT NULL DEFAULT '' COMMENT '收货地址',
  PRIMARY KEY (`id`),
  UNIQUE KEY `username` (`username`)
) ENGINE=InnoDB AUTO_INCREMENT=5 DEFAULT CHARSET=utf8;
/*!40101 SET character_set_client = @saved_cs_client */;

--
-- Dumping data for table `travel_user`
--

LOCK TABLES `travel_user` WRITE;
/*!40000 ALTER TABLE `travel_user` DISABLE KEYS */;
INSERT INTO `travel_user` VALUES (1,'user','091993da4593642913e7cdfeb3d4d177','60c22e','2016-06-15 06:31:10','13122229992','123@bing.com','gaoxufeng233','北京,东城区,,123'),(2,'stephen','ce8f7d82a7cec318da6f427cdb796b86','2763a5','2016-06-21 13:50:58','','','',''),(3,'admin','93b1fd7256fd68b2d5f7b9c1ef4ce044','c7458f','2016-06-22 05:57:48','','','',''),(4,'opentrip','0283ab611c1d2ea164c49ed6cce3a06c','6e7093','2016-06-23 07:15:34','','','','');
/*!40000 ALTER TABLE `travel_user` ENABLE KEYS */;
UNLOCK TABLES;
/*!40103 SET TIME_ZONE=@OLD_TIME_ZONE */;

/*!40101 SET SQL_MODE=@OLD_SQL_MODE */;
/*!40014 SET FOREIGN_KEY_CHECKS=@OLD_FOREIGN_KEY_CHECKS */;
/*!40014 SET UNIQUE_CHECKS=@OLD_UNIQUE_CHECKS */;
/*!40101 SET CHARACTER_SET_CLIENT=@OLD_CHARACTER_SET_CLIENT */;
/*!40101 SET CHARACTER_SET_RESULTS=@OLD_CHARACTER_SET_RESULTS */;
/*!40101 SET COLLATION_CONNECTION=@OLD_COLLATION_CONNECTION */;
/*!40111 SET SQL_NOTES=@OLD_SQL_NOTES */;

-- Dump completed on 2016-07-28 10:56:14
